우선순위,id,종류,용도,크기,게임,현재 상태,생성 프롬프트 초안
1,storybg:pigs,이야기 컷 배경,10앱 이야기 컷(GF.tale) 배경 — 아기돼지 삼형제,1080x1920 세로,merge/spot/block/sort/tile/day,글로 만든 배경(임시: 공용 배경 재사용),"a straw house, a wooden house and a brick house on a green hill with a soft wind, portrait background, keep lower-middle area empty for characters; flat pastel vector illustration, uniform warm-brown #6b5443 outline, no gradients, no text, no characters, rounded kid-friendly shapes"
1,storybg:bears,이야기 컷 배경,10앱 이야기 컷(GF.tale) 배경 — 세 마리 곰,1080x1920 세로,merge/spot/block/sort/tile/day,글로 만든 배경(임시: 공용 배경 재사용),"a cozy cottage kitchen with three bowls of soup on a table, portrait background, keep lower-middle area empty for characters; flat pastel vector illustration, uniform warm-brown #6b5443 outline, no gradients, no text, no characters, rounded kid-friendly shapes"
1,storybg:shoes,이야기 컷 배경,10앱 이야기 컷(GF.tale) 배경 — 구두장이와 요정,1080x1920 세로,merge/spot/block/sort/tile/day,글로 만든 배경(임시: 공용 배경 재사용),"a small shoemaker workshop at night with tiny shoes on a bench, portrait background, keep lower-middle area empty for characters; flat pastel vector illustration, uniform warm-brown #6b5443 outline, no gradients, no text, no characters, rounded kid-friendly shapes"
1,storybg:kongjwi,이야기 컷 배경,10앱 이야기 컷(GF.tale) 배경 — 콩쥐팥쥐,1080x1920 세로,merge/spot/block/sort/tile/day,글로 만든 배경(임시: 공용 배경 재사용),"a village yard with a big earthen jar and a mountain behind, portrait background, keep lower-middle area empty for characters; flat pastel vector illustration, uniform warm-brown #6b5443 outline, no gradients, no text, no characters, rounded kid-friendly shapes"
1,storybg:heungbu,이야기 컷 배경,10앱 이야기 컷(GF.tale) 배경 — 흥부와 놀부,1080x1920 세로,merge/spot/block/sort/tile/day,글로 만든 배경(임시: 공용 배경 재사용),"a country house roof with a giant gourd vine and swallow nest, portrait background, keep lower-middle area empty for characters; flat pastel vector illustration, uniform warm-brown #6b5443 outline, no gradients, no text, no characters, rounded kid-friendly shapes"
1,storybg:bremen,이야기 컷 배경,10앱 이야기 컷(GF.tale) 배경 — 브레멘 음악대,1080x1920 세로,merge/spot/block/sort/tile/day,글로 만든 배경(임시: 공용 배경 재사용),"a forest road at dusk with a lit cottage window, portrait background, keep lower-middle area empty for characters; flat pastel vector illustration, uniform warm-brown #6b5443 outline, no gradients, no text, no characters, rounded kid-friendly shapes"
1,storybg:hok,이야기 컷 배경,10앱 이야기 컷(GF.tale) 배경 — 혹부리 영감,1080x1920 세로,merge/spot/block/sort/tile/day,글로 만든 배경(임시: 공용 배경 재사용),"a quiet mountain hollow with a fallen log and lanterns, portrait background, keep lower-middle area empty for characters; flat pastel vector illustration, uniform warm-brown #6b5443 outline, no gradients, no text, no characters, rounded kid-friendly shapes"
1,storybg:axe,이야기 컷 배경,10앱 이야기 컷(GF.tale) 배경 — 금도끼 은도끼,1080x1920 세로,merge/spot/block/sort/tile/day,글로 만든 배경(임시: 공용 배경 재사용),"a calm pond at the edge of a forest with a mossy stump, portrait background, keep lower-middle area empty for characters; flat pastel vector illustration, uniform warm-brown #6b5443 outline, no gradients, no text, no characters, rounded kid-friendly shapes"
1,storybg:sun,이야기 컷 배경,10앱 이야기 컷(GF.tale) 배경 — 해와 달,1080x1920 세로,merge/spot/block/sort/tile/day,글로 만든 배경(임시: 공용 배경 재사용),"a night sky with a big moon over a thatched roof, portrait background, keep lower-middle area empty for characters; flat pastel vector illustration, uniform warm-brown #6b5443 outline, no gradients, no text, no characters, rounded kid-friendly shapes"
1,storybg:ant,이야기 컷 배경,10앱 이야기 컷(GF.tale) 배경 — 개미와 베짱이,1080x1920 세로,merge/spot/block/sort/tile/day,글로 만든 배경(임시: 공용 배경 재사용),"a sunny meadow with an anthill and tall grass, portrait background, keep lower-middle area empty for characters; flat pastel vector illustration, uniform warm-brown #6b5443 outline, no gradients, no text, no characters, rounded kid-friendly shapes"
1,storybg:pino,이야기 컷 배경,10앱 이야기 컷(GF.tale) 배경 — 피노키오,1080x1920 세로,merge/spot/block/sort/tile/day,글로 만든 배경(임시: 공용 배경 재사용),"a wooden toy workshop with a small bed and warm lamp, portrait background, keep lower-middle area empty for characters; flat pastel vector illustration, uniform warm-brown #6b5443 outline, no gradients, no text, no characters, rounded kid-friendly shapes"
1,storybg:jack,이야기 컷 배경,10앱 이야기 컷(GF.tale) 배경 — 잭과 콩나물,1080x1920 세로,merge/spot/block/sort/tile/day,글로 만든 배경(임시: 공용 배경 재사용),"a hill with a giant bean stalk going up into soft clouds, portrait background, keep lower-middle area empty for characters; flat pastel vector illustration, uniform warm-brown #6b5443 outline, no gradients, no text, no characters, rounded kid-friendly shapes"
1,storybg:gyeonwoo,이야기 컷 배경,10앱 이야기 컷(GF.tale) 배경 — 견우와 직녀,1080x1920 세로,merge/spot/block/sort/tile/day,글로 만든 배경(임시: 공용 배경 재사용),"a starry night with a gentle river of stars, portrait background, keep lower-middle area empty for characters; flat pastel vector illustration, uniform warm-brown #6b5443 outline, no gradients, no text, no characters, rounded kid-friendly shapes"
1,storybg:ureng,이야기 컷 배경,10앱 이야기 컷(GF.tale) 배경 — 우렁 각시,1080x1920 세로,merge/spot/block/sort/tile/day,글로 만든 배경(임시: 공용 배경 재사용),"a rice field with a small snail shell by a quiet house, portrait background, keep lower-middle area empty for characters; flat pastel vector illustration, uniform warm-brown #6b5443 outline, no gradients, no text, no characters, rounded kid-friendly shapes"
1,storybg:hare,이야기 컷 배경,10앱 이야기 컷(GF.tale) 배경 — 토끼와 거북이,1080x1920 세로,merge/spot/block/sort/tile/day,글로 만든 배경(임시: 공용 배경 재사용),"a long country road with a finish ribbon and trees, portrait background, keep lower-middle area empty for characters; flat pastel vector illustration, uniform warm-brown #6b5443 outline, no gradients, no text, no characters, rounded kid-friendly shapes"
1,storybg:brothers,이야기 컷 배경,10앱 이야기 컷(GF.tale) 배경 — 의좋은 형제,1080x1920 세로,merge/spot/block/sort/tile/day,글로 만든 배경(임시: 공용 배경 재사용),"two rice-straw piles in a moonlit field, portrait background, keep lower-middle area empty for characters; flat pastel vector illustration, uniform warm-brown #6b5443 outline, no gradients, no text, no characters, rounded kid-friendly shapes"
1,storybg:snowqueen,이야기 컷 배경,10앱 이야기 컷(GF.tale) 배경 — 눈의 여왕,1080x1920 세로,merge/spot/block/sort/tile/day,글로 만든 배경(임시: 공용 배경 재사용),"a snowy village with a frosty window, portrait background, keep lower-middle area empty for characters; flat pastel vector illustration, uniform warm-brown #6b5443 outline, no gradients, no text, no characters, rounded kid-friendly shapes"
1,hero:playground,타이틀 대표 그림,캐릭터 뒤에 깔리는 홈 대표 그림 한 장(art_slots.hero),720x400 SVG,all,코드 SVG(임시),"(아트 패스: 앱마다 한 장, 가족 캐릭터와 겹쳐도 읽히는 연한 배경 일러스트)"
1,hero:merge,타이틀 대표 그림,캐릭터 뒤에 깔리는 홈 대표 그림 한 장(art_slots.hero),720x400 SVG,all,코드 SVG(임시),"(아트 패스: 앱마다 한 장, 가족 캐릭터와 겹쳐도 읽히는 연한 배경 일러스트)"
1,hero:coloring,타이틀 대표 그림,캐릭터 뒤에 깔리는 홈 대표 그림 한 장(art_slots.hero),720x400 SVG,all,코드 SVG(임시),"(아트 패스: 앱마다 한 장, 가족 캐릭터와 겹쳐도 읽히는 연한 배경 일러스트)"
1,hero:quiz,타이틀 대표 그림,캐릭터 뒤에 깔리는 홈 대표 그림 한 장(art_slots.hero),720x400 SVG,all,코드 SVG(임시),"(아트 패스: 앱마다 한 장, 가족 캐릭터와 겹쳐도 읽히는 연한 배경 일러스트)"
1,hero:block,타이틀 대표 그림,캐릭터 뒤에 깔리는 홈 대표 그림 한 장(art_slots.hero),720x400 SVG,all,코드 SVG(임시),"(아트 패스: 앱마다 한 장, 가족 캐릭터와 겹쳐도 읽히는 연한 배경 일러스트)"
1,hero:spot,타이틀 대표 그림,⑥ 홈 캐릭터 뒤 대표 그림,720x400 SVG,spot,코드 SVG(임시),두 장의 그림과 돋보기(아트 패스 때 일러스트로 교체)
1,hero:tile,타이틀 대표 그림,⑨ 홈 캐릭터 뒤 대표 그림,720x400 SVG,tile,코드 SVG(임시),나란히 놓인 타일 네 장과 바구니(아트 패스 때 일러스트로 교체)
1,hero:sort,타이틀 대표 그림,⑧ 홈 캐릭터 뒤 대표 그림,720x400 SVG,sort,코드 SVG(임시),나란히 선 투명한 칸 네 개와 색색의 공(아트 패스 때 일러스트로 교체)
1,hero:day,타이틀 대표 그림,⑩ 홈 캐릭터 뒤 대표 그림,720x400 SVG,day,코드 SVG(임시),"해와 달, 두 개의 창문과 침대가 이어진 하루(아트 패스 때 일러스트로 교체)"
1,bg:forest,배경,유아 놀이터·방치형 장면,1080x1920 세로 SVG,playground/tables,코드 SVG,"dim sunlit forest path with mushrooms and fireflies, portrait background, keep lower-middle area empty for characters; flat pastel vector illustration, uniform warm-brown #6b5443 outline, no gradients, no text, no characters, rounded kid-friendly shapes"
1,bg:seaside,배경,유아 놀이터·방치형 장면,1080x1920 세로 SVG,playground/tables,코드 SVG,"sandy beach with gentle waves, parasol and sand castle, portrait background, keep lower-middle area empty for characters; flat pastel vector illustration, uniform warm-brown #6b5443 outline, no gradients, no text, no characters, rounded kid-friendly shapes"
1,bg:village,배경,유아 놀이터·방치형 장면,1080x1920 세로 SVG,playground/tables,코드 SVG,"mountain village with small houses and chimney smoke, portrait background, keep lower-middle area empty for characters; flat pastel vector illustration, uniform warm-brown #6b5443 outline, no gradients, no text, no characters, rounded kid-friendly shapes"
1,bg:station,배경,유아 놀이터·방치형 장면,1080x1920 세로 SVG,playground/tables,코드 SVG,"small train station with platform and clock, portrait background, keep lower-middle area empty for characters; flat pastel vector illustration, uniform warm-brown #6b5443 outline, no gradients, no text, no characters, rounded kid-friendly shapes"
1,bg:rails,배경,유아 놀이터·방치형 장면,1080x1920 세로 SVG,playground/tables,코드 SVG,"railway tracks through green meadow, portrait background, keep lower-middle area empty for characters; flat pastel vector illustration, uniform warm-brown #6b5443 outline, no gradients, no text, no characters, rounded kid-friendly shapes"
1,bg:home,배경,유아 놀이터·방치형 장면,1080x1920 세로 SVG,playground/tables,코드 SVG,"hilltop meadow with sun, cheerful opening scene, portrait background, keep lower-middle area empty for characters; flat pastel vector illustration, uniform warm-brown #6b5443 outline, no gradients, no text, no characters, rounded kid-friendly shapes"
1,bg:stream,배경,유아 놀이터·방치형 장면,1080x1920 세로 SVG,playground/tables,코드 SVG,"shallow stream with stepping stones in daylight, portrait background, keep lower-middle area empty for characters; flat pastel vector illustration, uniform warm-brown #6b5443 outline, no gradients, no text, no characters, rounded kid-friendly shapes"
1,bg:bridge,배경,유아 놀이터·방치형 장면,1080x1920 세로 SVG,playground/tables,코드 SVG,"narrow wooden bridge over a river, portrait background, keep lower-middle area empty for characters; flat pastel vector illustration, uniform warm-brown #6b5443 outline, no gradients, no text, no characters, rounded kid-friendly shapes"
1,bg:hill,배경,유아 놀이터·방치형 장면,1080x1920 세로 SVG,playground/tables,코드 SVG,"sunset hill with a tall tree, portrait background, keep lower-middle area empty for characters; flat pastel vector illustration, uniform warm-brown #6b5443 outline, no gradients, no text, no characters, rounded kid-friendly shapes"
1,bg:field,배경,유아 놀이터·방치형 장면,1080x1920 세로 SVG,playground/tables,코드 SVG,"farm field with a big radish patch, portrait background, keep lower-middle area empty for characters; flat pastel vector illustration, uniform warm-brown #6b5443 outline, no gradients, no text, no characters, rounded kid-friendly shapes"
1,bg:night,배경,유아 놀이터·방치형 장면,1080x1920 세로 SVG,playground/tables,코드 SVG,"starry night sky over a quiet road with fireflies, portrait background, keep lower-middle area empty for characters; flat pastel vector illustration, uniform warm-brown #6b5443 outline, no gradients, no text, no characters, rounded kid-friendly shapes"
1,bg:indoor,배경,유아 놀이터·방치형 장면,1080x1920 세로 SVG,playground/tables,코드 SVG,"warm cozy living room wall with window and wooden floor, portrait background, keep lower-middle area empty for characters; flat pastel vector illustration, uniform warm-brown #6b5443 outline, no gradients, no text, no characters, rounded kid-friendly shapes"
1,bg:house,배경,유아 놀이터·방치형 장면,1080x1920 세로 SVG,playground/tables,코드 SVG,"garden of a small house, daytime, portrait background, keep lower-middle area empty for characters; flat pastel vector illustration, uniform warm-brown #6b5443 outline, no gradients, no text, no characters, rounded kid-friendly shapes"
1,bg:merge_a,배경,신규 게임,1080x1920 세로 SVG,merge,없음,"cozy apartment interior seen from front, empty floor grid area; flat pastel vector illustration, uniform warm-brown #6b5443 outline, no gradients, no text, no characters, rounded kid-friendly shapes"
1,bg:merge_b,배경,신규 게임,1080x1920 세로 SVG,merge,없음,"moving day empty room with window; flat pastel vector illustration, uniform warm-brown #6b5443 outline, no gradients, no text, no characters, rounded kid-friendly shapes"
1,bg:color_a,배경,신규 게임,1080x1920 세로 SVG,coloring,없음,"paper-craft pastel studio wall; flat pastel vector illustration, uniform warm-brown #6b5443 outline, no gradients, no text, no characters, rounded kid-friendly shapes"
1,bg:color_b,배경,신규 게임,1080x1920 세로 SVG,coloring,없음,"sunny desk with crayons (no characters); flat pastel vector illustration, uniform warm-brown #6b5443 outline, no gradients, no text, no characters, rounded kid-friendly shapes"
1,bg:quiz_a,배경,신규 게임,1080x1920 세로 SVG,quiz,없음,"soft pastel stage with three pedestals; flat pastel vector illustration, uniform warm-brown #6b5443 outline, no gradients, no text, no characters, rounded kid-friendly shapes"
1,bg:quiz_b,배경,신규 게임,1080x1920 세로 SVG,quiz,없음,"sky with floating shape clouds; flat pastel vector illustration, uniform warm-brown #6b5443 outline, no gradients, no text, no characters, rounded kid-friendly shapes"
1,bg:tables_a,배경,신규 게임,1080x1920 세로 SVG,tables,없음,"dining room seen from front with a long table; flat pastel vector illustration, uniform warm-brown #6b5443 outline, no gradients, no text, no characters, rounded kid-friendly shapes"
1,spot:scene,장면 배경 슬롯,⑥ 틀린 그림 장면: 장(옛이야기)마다 배경 일러스트 한 장 + 소품 요소(현재는 기존 캐릭터·소품·코드 장식 합성),672x420 SVG,spot,임시 합성,허브 확인: 아트 패스 때 이야기별 배경으로 교체
1,cover:book1,표지,놀이터 책 표지,900x1200 SVG,playground,코드 SVG,"storybook cover scene for book 1, festive path with house at top, leave top for title text; flat pastel vector illustration, uniform warm-brown #6b5443 outline, no gradients, no text, no characters, rounded kid-friendly shapes"
1,cover:book2,표지,놀이터 책 표지,900x1200 SVG,playground,코드 SVG,"storybook cover scene for book 2, festive path with house at top, leave top for title text; flat pastel vector illustration, uniform warm-brown #6b5443 outline, no gradients, no text, no characters, rounded kid-friendly shapes"
1,cover:book3,표지,놀이터 책 표지,900x1200 SVG,playground,없음,"storybook cover scene for book 3, festive path with house at top, leave top for title text; flat pastel vector illustration, uniform warm-brown #6b5443 outline, no gradients, no text, no characters, rounded kid-friendly shapes"
1,room:nemo,집 방,공유 룸 배경,1020x810 SVG,all,코드(색 띠),"네모네 거실 room cutaway, back wall and floor, empty, front view; flat pastel vector illustration, uniform warm-brown #6b5443 outline, no gradients, no text, no characters, rounded kid-friendly shapes"
1,room:semo,집 방,공유 룸 배경,1020x810 SVG,all,코드(색 띠),"세모네 신혼집 room cutaway, back wall and floor, empty, front view; flat pastel vector illustration, uniform warm-brown #6b5443 outline, no gradients, no text, no characters, rounded kid-friendly shapes"
1,room:dong,집 방,공유 룸 배경,1020x810 SVG,all,코드(색 띠),"동그라미네 서재 room cutaway, back wall and floor, empty, front view; flat pastel vector illustration, uniform warm-brown #6b5443 outline, no gradients, no text, no characters, rounded kid-friendly shapes"
1,room:kid,집 방,공유 룸 배경,1020x810 SVG,all,코드(색 띠),"아이 방 room cutaway, back wall and floor, empty, front view; flat pastel vector illustration, uniform warm-brown #6b5443 outline, no gradients, no text, no characters, rounded kid-friendly shapes"
1,room:yard,집 방,공유 룸 배경,1020x810 SVG,all,코드(색 띠),"마당·골목 room cutaway, back wall and floor, empty, front view; flat pastel vector illustration, uniform warm-brown #6b5443 outline, no gradients, no text, no characters, rounded kid-friendly shapes"
1,char:dong_mom,캐릭터 시트,동그라미 엄마(성인 앱) / 동그라미 아주머니(유아 앱) — 세 마리 곰 중간 곰·눈의 여왕(순한 판),시트 3x2,merge/coloring/playground,시트 필요(docs/06 §8 프롬프트),docs/06_PROMPTS_READY.md §8
1,char:dong_son,캐릭터 시트,동그라미 아들 — 세 마리 곰 아기 곰,시트 3x2,merge/coloring,"시트 필요(프롬프트 없음, dong_mom 기준 작성)","younger Dong-geulami (circle) boy, same style as dong_dad but smaller, glasses optional; flat pastel vector illustration, uniform warm-brown #6b5443 outline, no gradients, no text, rounded kid-friendly shapes, friendly never scary"
1,art:wind,옛이야기 가족 밖 배역,바람 친구 — 아기돼지 삼형제 늑대 대용(③④),300x300 SVG,merge/coloring,없음(글·소리로만),"a cheerful swirling wind cloud with a puffy-cheeked smiling face blowing a breeze; flat pastel vector illustration, uniform warm-brown #6b5443 outline, no gradients, no text, rounded kid-friendly shapes, friendly never scary"
1,art:windtiger,옛이야기 가족 밖 배역,바람 호랑이 — 해님 달님 호랑이 대용(③④),300x300 SVG,merge/coloring,없음(글·소리로만),"a fluffy striped tiger made of swirling wind, goofy friendly face, sitting down on its bottom; flat pastel vector illustration, uniform warm-brown #6b5443 outline, no gradients, no text, rounded kid-friendly shapes, friendly never scary"
1,art:thief,옛이야기 가족 밖 배역,허깨비 도둑 — 브레멘 음악대(③④),300x300 SVG,merge/coloring,없음(글·소리로만),"two silly ghost-like bandit shadows with striped masks, startled and comical; flat pastel vector illustration, uniform warm-brown #6b5443 outline, no gradients, no text, rounded kid-friendly shapes, friendly never scary"
1,art:auntie,옛이야기 가족 밖 배역,깐깐한 아주머니 — 콩쥐팥쥐 새엄마 대용(③④),300x300 SVG,merge/coloring,없음(글·소리로만),"a stern but comical neighbor lady with a wooden ladle, hands on hips; flat pastel vector illustration, uniform warm-brown #6b5443 outline, no gradients, no text, rounded kid-friendly shapes, friendly never scary"
1,art:cloudgiant,옛이야기 가족 밖 배역,구름 거인 — 잭과 콩나무(③④),400x400 SVG,merge/coloring,없음(글·소리로만),"a huge friendly giant sitting on a cloud, waving a big hand, castle behind; flat pastel vector illustration, uniform warm-brown #6b5443 outline, no gradients, no text, rounded kid-friendly shapes, friendly never scary"
1,appicon:playground,앱 아이콘,스토어 512x512,512x512 SVG,playground,시안(코드),"three shape characters playing in a meadow, centered simple icon composition with margin, no characters; flat pastel vector illustration, uniform warm-brown #6b5443 outline, no gradients, no text, no characters, rounded kid-friendly shapes"
1,appicon:tables,앱 아이콘,스토어 512x512,512x512 SVG,tables,없음,"three dining tables side by side, centered simple icon composition with margin, no characters; flat pastel vector illustration, uniform warm-brown #6b5443 outline, no gradients, no text, no characters, rounded kid-friendly shapes"
1,appicon:merge,앱 아이콘,스토어 512x512,512x512 SVG,merge,없음,"stacked merging shapes forming furniture, centered simple icon composition with margin, no characters; flat pastel vector illustration, uniform warm-brown #6b5443 outline, no gradients, no text, no characters, rounded kid-friendly shapes"
1,appicon:coloring,앱 아이콘,스토어 512x512,512x512 SVG,coloring,없음,"paint palette and crayons, centered simple icon composition with margin, no characters; flat pastel vector illustration, uniform warm-brown #6b5443 outline, no gradients, no text, no characters, rounded kid-friendly shapes"
1,appicon:quiz,앱 아이콘,스토어 512x512,512x512 SVG,quiz,없음,"three shape badges on a stage, centered simple icon composition with margin, no characters; flat pastel vector illustration, uniform warm-brown #6b5443 outline, no gradients, no text, no characters, rounded kid-friendly shapes"
1,appicon:block,앱 아이콘,스토어 512x512 — ⑦ 도형 블록,512x512 SVG,block,시안(코드),네모 아빠 얼굴 클로즈업(games/tools/make_icons.py)
1,appicon:spot,앱 아이콘,스토어 512x512 — ⑥ 다른 그림 찾기,512x512 SVG,spot,시안(코드),네모 엄마 얼굴 클로즈업(games/tools/make_icons.py)
1,appicon:tile,앱 아이콘,스토어 512x512 — ⑨ 세 가족 짝 맞추기,512x512 SVG,tile,시안(코드),막둥이 얼굴 클로즈업(games/tools/make_icons.py)
1,appicon:sort,앱 아이콘,스토어 512x512 — ⑧ 정리의 달인,512x512 SVG,sort,시안(코드),세모 아내 얼굴 클로즈업(games/tools/make_icons.py)
1,appicon:day,앱 아이콘,스토어 512x512 — ⑩ 막둥이의 하루,512x512 SVG,day,시안(코드),막둥이 얼굴 클로즈업(games/tools/make_icons.py)
1,map-zone:pigs,지도 구역 배경,이야기 지도(GF.saga) 구역 배경 — 아기돼지 삼형제. 같은 이야기는 앱이 달라도 같은 그림(슬롯 map.<앱>:<장>:bg 에 같은 파일 등록),360x970 세로 타일(이웃 구역과 위·아래 이음),merge/spot/block/sort/tile/day,코드 SVG 실루엣(임시),"a straw house, a wooden house and a brick house on a green hill with a soft wind, vertical scrolling game map zone, path area kept empty in the middle, flat pastel vector illustration, uniform warm-brown #6b5443 outline, no text, no characters"
1,map-mark:pigs,지도 관문·랜드마크,이야기 지도 랜드마크 2개 + 관문 책 — 아기돼지 삼형제,220x220 투명 ×3,merge/spot/block/sort/tile/day,이모지(임시),"two small landmark props and a story-book icon for 아기돼지 삼형제, transparent background, flat pastel vector illustration, uniform warm-brown #6b5443 outline, no text"
1,map-zone:bears,지도 구역 배경,이야기 지도(GF.saga) 구역 배경 — 세 마리 곰. 같은 이야기는 앱이 달라도 같은 그림(슬롯 map.<앱>:<장>:bg 에 같은 파일 등록),360x970 세로 타일(이웃 구역과 위·아래 이음),merge/spot/block/sort/tile/day,코드 SVG 실루엣(임시),"a cozy cottage kitchen with three bowls of soup on a table, vertical scrolling game map zone, path area kept empty in the middle, flat pastel vector illustration, uniform warm-brown #6b5443 outline, no text, no characters"
1,map-mark:bears,지도 관문·랜드마크,이야기 지도 랜드마크 2개 + 관문 책 — 세 마리 곰,220x220 투명 ×3,merge/spot/block/sort/tile/day,이모지(임시),"two small landmark props and a story-book icon for 세 마리 곰, transparent background, flat pastel vector illustration, uniform warm-brown #6b5443 outline, no text"
1,map-zone:shoes,지도 구역 배경,이야기 지도(GF.saga) 구역 배경 — 구두장이와 요정. 같은 이야기는 앱이 달라도 같은 그림(슬롯 map.<앱>:<장>:bg 에 같은 파일 등록),360x970 세로 타일(이웃 구역과 위·아래 이음),merge/spot/block/sort/tile/day,코드 SVG 실루엣(임시),"a small shoemaker workshop at night with tiny shoes on a bench, vertical scrolling game map zone, path area kept empty in the middle, flat pastel vector illustration, uniform warm-brown #6b5443 outline, no text, no characters"
1,map-mark:shoes,지도 관문·랜드마크,이야기 지도 랜드마크 2개 + 관문 책 — 구두장이와 요정,220x220 투명 ×3,merge/spot/block/sort/tile/day,이모지(임시),"two small landmark props and a story-book icon for 구두장이와 요정, transparent background, flat pastel vector illustration, uniform warm-brown #6b5443 outline, no text"
1,map-zone:kongjwi,지도 구역 배경,이야기 지도(GF.saga) 구역 배경 — 콩쥐팥쥐. 같은 이야기는 앱이 달라도 같은 그림(슬롯 map.<앱>:<장>:bg 에 같은 파일 등록),360x970 세로 타일(이웃 구역과 위·아래 이음),merge/spot/block/sort/tile/day,코드 SVG 실루엣(임시),"a village yard with a big earthen jar and a mountain behind, vertical scrolling game map zone, path area kept empty in the middle, flat pastel vector illustration, uniform warm-brown #6b5443 outline, no text, no characters"
1,map-mark:kongjwi,지도 관문·랜드마크,이야기 지도 랜드마크 2개 + 관문 책 — 콩쥐팥쥐,220x220 투명 ×3,merge/spot/block/sort/tile/day,이모지(임시),"two small landmark props and a story-book icon for 콩쥐팥쥐, transparent background, flat pastel vector illustration, uniform warm-brown #6b5443 outline, no text"
1,map-zone:heungbu,지도 구역 배경,이야기 지도(GF.saga) 구역 배경 — 흥부와 놀부. 같은 이야기는 앱이 달라도 같은 그림(슬롯 map.<앱>:<장>:bg 에 같은 파일 등록),360x970 세로 타일(이웃 구역과 위·아래 이음),merge/spot/block/sort/tile/day,코드 SVG 실루엣(임시),"a country house roof with a giant gourd vine and swallow nest, vertical scrolling game map zone, path area kept empty in the middle, flat pastel vector illustration, uniform warm-brown #6b5443 outline, no text, no characters"
1,map-mark:heungbu,지도 관문·랜드마크,이야기 지도 랜드마크 2개 + 관문 책 — 흥부와 놀부,220x220 투명 ×3,merge/spot/block/sort/tile/day,이모지(임시),"two small landmark props and a story-book icon for 흥부와 놀부, transparent background, flat pastel vector illustration, uniform warm-brown #6b5443 outline, no text"
1,map-zone:bremen,지도 구역 배경,이야기 지도(GF.saga) 구역 배경 — 브레멘 음악대. 같은 이야기는 앱이 달라도 같은 그림(슬롯 map.<앱>:<장>:bg 에 같은 파일 등록),360x970 세로 타일(이웃 구역과 위·아래 이음),merge/spot/block/sort/tile/day,코드 SVG 실루엣(임시),"a forest road at dusk with a lit cottage window, vertical scrolling game map zone, path area kept empty in the middle, flat pastel vector illustration, uniform warm-brown #6b5443 outline, no text, no characters"
1,map-mark:bremen,지도 관문·랜드마크,이야기 지도 랜드마크 2개 + 관문 책 — 브레멘 음악대,220x220 투명 ×3,merge/spot/block/sort/tile/day,이모지(임시),"two small landmark props and a story-book icon for 브레멘 음악대, transparent background, flat pastel vector illustration, uniform warm-brown #6b5443 outline, no text"
1,map-zone:hok,지도 구역 배경,이야기 지도(GF.saga) 구역 배경 — 혹부리 영감. 같은 이야기는 앱이 달라도 같은 그림(슬롯 map.<앱>:<장>:bg 에 같은 파일 등록),360x970 세로 타일(이웃 구역과 위·아래 이음),merge/spot/block/sort/tile/day,코드 SVG 실루엣(임시),"a quiet mountain hollow with a fallen log and lanterns, vertical scrolling game map zone, path area kept empty in the middle, flat pastel vector illustration, uniform warm-brown #6b5443 outline, no text, no characters"
1,map-mark:hok,지도 관문·랜드마크,이야기 지도 랜드마크 2개 + 관문 책 — 혹부리 영감,220x220 투명 ×3,merge/spot/block/sort/tile/day,이모지(임시),"two small landmark props and a story-book icon for 혹부리 영감, transparent background, flat pastel vector illustration, uniform warm-brown #6b5443 outline, no text"
1,map-zone:axe,지도 구역 배경,이야기 지도(GF.saga) 구역 배경 — 금도끼 은도끼. 같은 이야기는 앱이 달라도 같은 그림(슬롯 map.<앱>:<장>:bg 에 같은 파일 등록),360x970 세로 타일(이웃 구역과 위·아래 이음),merge/spot/block/sort/tile/day,코드 SVG 실루엣(임시),"a calm pond at the edge of a forest with a mossy stump, vertical scrolling game map zone, path area kept empty in the middle, flat pastel vector illustration, uniform warm-brown #6b5443 outline, no text, no characters"
1,map-mark:axe,지도 관문·랜드마크,이야기 지도 랜드마크 2개 + 관문 책 — 금도끼 은도끼,220x220 투명 ×3,merge/spot/block/sort/tile/day,이모지(임시),"two small landmark props and a story-book icon for 금도끼 은도끼, transparent background, flat pastel vector illustration, uniform warm-brown #6b5443 outline, no text"
1,map-zone:sun,지도 구역 배경,이야기 지도(GF.saga) 구역 배경 — 해와 달. 같은 이야기는 앱이 달라도 같은 그림(슬롯 map.<앱>:<장>:bg 에 같은 파일 등록),360x970 세로 타일(이웃 구역과 위·아래 이음),merge/spot/block/sort/tile/day,코드 SVG 실루엣(임시),"a night sky with a big moon over a thatched roof, vertical scrolling game map zone, path area kept empty in the middle, flat pastel vector illustration, uniform warm-brown #6b5443 outline, no text, no characters"
1,map-mark:sun,지도 관문·랜드마크,이야기 지도 랜드마크 2개 + 관문 책 — 해와 달,220x220 투명 ×3,merge/spot/block/sort/tile/day,이모지(임시),"two small landmark props and a story-book icon for 해와 달, transparent background, flat pastel vector illustration, uniform warm-brown #6b5443 outline, no text"
1,map-zone:ant,지도 구역 배경,이야기 지도(GF.saga) 구역 배경 — 개미와 베짱이. 같은 이야기는 앱이 달라도 같은 그림(슬롯 map.<앱>:<장>:bg 에 같은 파일 등록),360x970 세로 타일(이웃 구역과 위·아래 이음),merge/spot/block/sort/tile/day,코드 SVG 실루엣(임시),"a sunny meadow with an anthill and tall grass, vertical scrolling game map zone, path area kept empty in the middle, flat pastel vector illustration, uniform warm-brown #6b5443 outline, no text, no characters"
1,map-mark:ant,지도 관문·랜드마크,이야기 지도 랜드마크 2개 + 관문 책 — 개미와 베짱이,220x220 투명 ×3,merge/spot/block/sort/tile/day,이모지(임시),"two small landmark props and a story-book icon for 개미와 베짱이, transparent background, flat pastel vector illustration, uniform warm-brown #6b5443 outline, no text"
1,map-zone:pino,지도 구역 배경,이야기 지도(GF.saga) 구역 배경 — 피노키오. 같은 이야기는 앱이 달라도 같은 그림(슬롯 map.<앱>:<장>:bg 에 같은 파일 등록),360x970 세로 타일(이웃 구역과 위·아래 이음),merge/spot/block/sort/tile/day,코드 SVG 실루엣(임시),"a wooden toy workshop with a small bed and warm lamp, vertical scrolling game map zone, path area kept empty in the middle, flat pastel vector illustration, uniform warm-brown #6b5443 outline, no text, no characters"
1,map-mark:pino,지도 관문·랜드마크,이야기 지도 랜드마크 2개 + 관문 책 — 피노키오,220x220 투명 ×3,merge/spot/block/sort/tile/day,이모지(임시),"two small landmark props and a story-book icon for 피노키오, transparent background, flat pastel vector illustration, uniform warm-brown #6b5443 outline, no text"
1,map-zone:jack,지도 구역 배경,이야기 지도(GF.saga) 구역 배경 — 잭과 콩나물. 같은 이야기는 앱이 달라도 같은 그림(슬롯 map.<앱>:<장>:bg 에 같은 파일 등록),360x970 세로 타일(이웃 구역과 위·아래 이음),merge/spot/block/sort/tile/day,코드 SVG 실루엣(임시),"a hill with a giant bean stalk going up into soft clouds, vertical scrolling game map zone, path area kept empty in the middle, flat pastel vector illustration, uniform warm-brown #6b5443 outline, no text, no characters"
1,map-mark:jack,지도 관문·랜드마크,이야기 지도 랜드마크 2개 + 관문 책 — 잭과 콩나물,220x220 투명 ×3,merge/spot/block/sort/tile/day,이모지(임시),"two small landmark props and a story-book icon for 잭과 콩나물, transparent background, flat pastel vector illustration, uniform warm-brown #6b5443 outline, no text"
1,map-zone:gyeonwoo,지도 구역 배경,이야기 지도(GF.saga) 구역 배경 — 견우와 직녀. 같은 이야기는 앱이 달라도 같은 그림(슬롯 map.<앱>:<장>:bg 에 같은 파일 등록),360x970 세로 타일(이웃 구역과 위·아래 이음),merge/spot/block/sort/tile/day,코드 SVG 실루엣(임시),"a starry night with a gentle river of stars, vertical scrolling game map zone, path area kept empty in the middle, flat pastel vector illustration, uniform warm-brown #6b5443 outline, no text, no characters"
1,map-mark:gyeonwoo,지도 관문·랜드마크,이야기 지도 랜드마크 2개 + 관문 책 — 견우와 직녀,220x220 투명 ×3,merge/spot/block/sort/tile/day,이모지(임시),"two small landmark props and a story-book icon for 견우와 직녀, transparent background, flat pastel vector illustration, uniform warm-brown #6b5443 outline, no text"
1,map-zone:ureng,지도 구역 배경,이야기 지도(GF.saga) 구역 배경 — 우렁 각시. 같은 이야기는 앱이 달라도 같은 그림(슬롯 map.<앱>:<장>:bg 에 같은 파일 등록),360x970 세로 타일(이웃 구역과 위·아래 이음),merge/spot/block/sort/tile/day,코드 SVG 실루엣(임시),"a rice field with a small snail shell by a quiet house, vertical scrolling game map zone, path area kept empty in the middle, flat pastel vector illustration, uniform warm-brown #6b5443 outline, no text, no characters"
1,map-mark:ureng,지도 관문·랜드마크,이야기 지도 랜드마크 2개 + 관문 책 — 우렁 각시,220x220 투명 ×3,merge/spot/block/sort/tile/day,이모지(임시),"two small landmark props and a story-book icon for 우렁 각시, transparent background, flat pastel vector illustration, uniform warm-brown #6b5443 outline, no text"
1,map-zone:hare,지도 구역 배경,이야기 지도(GF.saga) 구역 배경 — 토끼와 거북이. 같은 이야기는 앱이 달라도 같은 그림(슬롯 map.<앱>:<장>:bg 에 같은 파일 등록),360x970 세로 타일(이웃 구역과 위·아래 이음),merge/spot/block/sort/tile/day,코드 SVG 실루엣(임시),"a long country road with a finish ribbon and trees, vertical scrolling game map zone, path area kept empty in the middle, flat pastel vector illustration, uniform warm-brown #6b5443 outline, no text, no characters"
1,map-mark:hare,지도 관문·랜드마크,이야기 지도 랜드마크 2개 + 관문 책 — 토끼와 거북이,220x220 투명 ×3,merge/spot/block/sort/tile/day,이모지(임시),"two small landmark props and a story-book icon for 토끼와 거북이, transparent background, flat pastel vector illustration, uniform warm-brown #6b5443 outline, no text"
1,map-zone:brothers,지도 구역 배경,이야기 지도(GF.saga) 구역 배경 — 의좋은 형제. 같은 이야기는 앱이 달라도 같은 그림(슬롯 map.<앱>:<장>:bg 에 같은 파일 등록),360x970 세로 타일(이웃 구역과 위·아래 이음),merge/spot/block/sort/tile/day,코드 SVG 실루엣(임시),"two rice-straw piles in a moonlit field, vertical scrolling game map zone, path area kept empty in the middle, flat pastel vector illustration, uniform warm-brown #6b5443 outline, no text, no characters"
1,map-mark:brothers,지도 관문·랜드마크,이야기 지도 랜드마크 2개 + 관문 책 — 의좋은 형제,220x220 투명 ×3,merge/spot/block/sort/tile/day,이모지(임시),"two small landmark props and a story-book icon for 의좋은 형제, transparent background, flat pastel vector illustration, uniform warm-brown #6b5443 outline, no text"
1,map-zone:snowqueen,지도 구역 배경,이야기 지도(GF.saga) 구역 배경 — 눈의 여왕. 같은 이야기는 앱이 달라도 같은 그림(슬롯 map.<앱>:<장>:bg 에 같은 파일 등록),360x970 세로 타일(이웃 구역과 위·아래 이음),merge/spot/block/sort/tile/day,코드 SVG 실루엣(임시),"a snowy village with a frosty window, vertical scrolling game map zone, path area kept empty in the middle, flat pastel vector illustration, uniform warm-brown #6b5443 outline, no text, no characters"
1,map-mark:snowqueen,지도 관문·랜드마크,이야기 지도 랜드마크 2개 + 관문 책 — 눈의 여왕,220x220 투명 ×3,merge/spot/block/sort/tile/day,이모지(임시),"two small landmark props and a story-book icon for 눈의 여왕, transparent background, flat pastel vector illustration, uniform warm-brown #6b5443 outline, no text"
2,prop:hat_party,소품,놀이방 꾸미기(캐릭터에 붙임),300x300 SVG,playground,코드 SVG,"party hat, single object centered; flat pastel vector illustration, uniform warm-brown #6b5443 outline, no gradients, no text, no characters, rounded kid-friendly shapes"
2,prop:hat_crown,소품,놀이방 꾸미기(캐릭터에 붙임),300x300 SVG,playground,코드 SVG,"golden crown, single object centered; flat pastel vector illustration, uniform warm-brown #6b5443 outline, no gradients, no text, no characters, rounded kid-friendly shapes"
2,prop:hat_straw,소품,놀이방 꾸미기(캐릭터에 붙임),300x300 SVG,playground,코드 SVG,"straw hat with ribbon, single object centered; flat pastel vector illustration, uniform warm-brown #6b5443 outline, no gradients, no text, no characters, rounded kid-friendly shapes"
2,prop:face_hearts,소품,놀이방 꾸미기(캐릭터에 붙임),300x300 SVG,playground,코드 SVG,"two floating hearts, single object centered; flat pastel vector illustration, uniform warm-brown #6b5443 outline, no gradients, no text, no characters, rounded kid-friendly shapes"
2,prop:hat_ribbon,소품,놀이방 꾸미기(캐릭터에 붙임),300x300 SVG,playground,코드 SVG,"big pink hair ribbon, single object centered; flat pastel vector illustration, uniform warm-brown #6b5443 outline, no gradients, no text, no characters, rounded kid-friendly shapes"
2,prop:face_glasses,소품,놀이방 꾸미기(캐릭터에 붙임),300x300 SVG,playground,코드 SVG,"round glasses, single object centered; flat pastel vector illustration, uniform warm-brown #6b5443 outline, no gradients, no text, no characters, rounded kid-friendly shapes"
2,prop:face_shades,소품,놀이방 꾸미기(캐릭터에 붙임),300x300 SVG,playground,코드 SVG,"sunglasses, single object centered; flat pastel vector illustration, uniform warm-brown #6b5443 outline, no gradients, no text, no characters, rounded kid-friendly shapes"
2,prop:face_mustache,소품,놀이방 꾸미기(캐릭터에 붙임),300x300 SVG,playground,코드 SVG,"mustache, single object centered; flat pastel vector illustration, uniform warm-brown #6b5443 outline, no gradients, no text, no characters, rounded kid-friendly shapes"
2,prop:neck_scarf,소품,놀이방 꾸미기(캐릭터에 붙임),300x300 SVG,playground,코드 SVG,"striped scarf, single object centered; flat pastel vector illustration, uniform warm-brown #6b5443 outline, no gradients, no text, no characters, rounded kid-friendly shapes"
2,prop:neck_bow,소품,놀이방 꾸미기(캐릭터에 붙임),300x300 SVG,playground,코드 SVG,"bow tie, single object centered; flat pastel vector illustration, uniform warm-brown #6b5443 outline, no gradients, no text, no characters, rounded kid-friendly shapes"
2,prop:neck_medal,소품,놀이방 꾸미기(캐릭터에 붙임),300x300 SVG,playground,코드 SVG,"gold medal on ribbon, single object centered; flat pastel vector illustration, uniform warm-brown #6b5443 outline, no gradients, no text, no characters, rounded kid-friendly shapes"
2,prop:hand_balloon,소품,놀이방 꾸미기(캐릭터에 붙임),300x300 SVG,playground,코드 SVG,"balloon, single object centered; flat pastel vector illustration, uniform warm-brown #6b5443 outline, no gradients, no text, no characters, rounded kid-friendly shapes"
2,prop:hand_flowers,소품,놀이방 꾸미기(캐릭터에 붙임),300x300 SVG,playground,코드 SVG,"flower bunch, single object centered; flat pastel vector illustration, uniform warm-brown #6b5443 outline, no gradients, no text, no characters, rounded kid-friendly shapes"
2,prop:hand_star,소품,놀이방 꾸미기(캐릭터에 붙임),300x300 SVG,playground,코드 SVG,"star wand, single object centered; flat pastel vector illustration, uniform warm-brown #6b5443 outline, no gradients, no text, no characters, rounded kid-friendly shapes"
2,prop:bg_sky,소품,놀이방 꾸미기(캐릭터에 붙임),300x300 SVG,playground,코드 SVG,"sky backdrop, single object centered; flat pastel vector illustration, uniform warm-brown #6b5443 outline, no gradients, no text, no characters, rounded kid-friendly shapes"
2,prop:bg_sunset,소품,놀이방 꾸미기(캐릭터에 붙임),300x300 SVG,playground,코드 SVG,"sunset backdrop, single object centered; flat pastel vector illustration, uniform warm-brown #6b5443 outline, no gradients, no text, no characters, rounded kid-friendly shapes"
2,prop:bg_night,소품,놀이방 꾸미기(캐릭터에 붙임),300x300 SVG,playground,코드 SVG,"night backdrop, single object centered; flat pastel vector illustration, uniform warm-brown #6b5443 outline, no gradients, no text, no characters, rounded kid-friendly shapes"
2,idleprop:p_mix,소품,방치형 식탁 위 소품,200x200 SVG,tables,코드 SVG,"믹스커피 (everyday object of a Korean middle-aged family), single object, top-down friendly; flat pastel vector illustration, uniform warm-brown #6b5443 outline, no gradients, no text, no characters, rounded kid-friendly shapes"
2,idleprop:p_lunch,소품,방치형 식탁 위 소품,200x200 SVG,tables,이모지(임시),"도시락 (everyday object of a Korean middle-aged family), single object, top-down friendly; flat pastel vector illustration, uniform warm-brown #6b5443 outline, no gradients, no text, no characters, rounded kid-friendly shapes"
2,idleprop:p_rice,소품,방치형 식탁 위 소품,200x200 SVG,tables,이모지(임시),"밥솥 (everyday object of a Korean middle-aged family), single object, top-down friendly; flat pastel vector illustration, uniform warm-brown #6b5443 outline, no gradients, no text, no characters, rounded kid-friendly shapes"
2,idleprop:p_remote,소품,방치형 식탁 위 소품,200x200 SVG,tables,코드 SVG,"에어컨 리모컨 (everyday object of a Korean middle-aged family), single object, top-down friendly; flat pastel vector illustration, uniform warm-brown #6b5443 outline, no gradients, no text, no characters, rounded kid-friendly shapes"
2,idleprop:p_points,소품,방치형 식탁 위 소품,200x200 SVG,tables,이모지(임시),"영수증 (everyday object of a Korean middle-aged family), single object, top-down friendly; flat pastel vector illustration, uniform warm-brown #6b5443 outline, no gradients, no text, no characters, rounded kid-friendly shapes"
2,idleprop:p_glass,소품,방치형 식탁 위 소품,200x200 SVG,tables,코드 SVG,"돋보기 (everyday object of a Korean middle-aged family), single object, top-down friendly; flat pastel vector illustration, uniform warm-brown #6b5443 outline, no gradients, no text, no characters, rounded kid-friendly shapes"
2,idleprop:p_kimchi,소품,방치형 식탁 위 소품,200x200 SVG,tables,이모지(임시),"김장 김치 (everyday object of a Korean middle-aged family), single object, top-down friendly; flat pastel vector illustration, uniform warm-brown #6b5443 outline, no gradients, no text, no characters, rounded kid-friendly shapes"
2,idleprop:p_pill,소품,방치형 식탁 위 소품,200x200 SVG,tables,코드 SVG,"혈압약 통 (everyday object of a Korean middle-aged family), single object, top-down friendly; flat pastel vector illustration, uniform warm-brown #6b5443 outline, no gradients, no text, no characters, rounded kid-friendly shapes"
2,idleprop:p_photo,소품,방치형 식탁 위 소품,200x200 SVG,tables,이모지(임시),"가족사진 (everyday object of a Korean middle-aged family), single object, top-down friendly; flat pastel vector illustration, uniform warm-brown #6b5443 outline, no gradients, no text, no characters, rounded kid-friendly shapes"
2,idleprop:p_pack1,소품,방치형 식탁 위 소품,200x200 SVG,tables,이모지(임시),"꽃무늬 식탁보 (everyday object of a Korean middle-aged family), single object, top-down friendly; flat pastel vector illustration, uniform warm-brown #6b5443 outline, no gradients, no text, no characters, rounded kid-friendly shapes"
2,idleprop:p_tea,소품,방치형 식탁 위 소품,200x200 SVG,tables,코드 SVG,"온천 찻잔 (everyday object of a Korean middle-aged family), single object, top-down friendly; flat pastel vector illustration, uniform warm-brown #6b5443 outline, no gradients, no text, no characters, rounded kid-friendly shapes"
2,idleprop:p_bagt,소품,방치형 식탁 위 소품,200x200 SVG,tables,코드 SVG,"여행 캐리어 (everyday object of a Korean middle-aged family), single object, top-down friendly; flat pastel vector illustration, uniform warm-brown #6b5443 outline, no gradients, no text, no characters, rounded kid-friendly shapes"
2,idleprop:p_pass,소품,방치형 식탁 위 소품,200x200 SVG,tables,이모지(임시),"여권 (everyday object of a Korean middle-aged family), single object, top-down friendly; flat pastel vector illustration, uniform warm-brown #6b5443 outline, no gradients, no text, no characters, rounded kid-friendly shapes"
2,idleprop:p_globe,소품,방치형 식탁 위 소품,200x200 SVG,tables,이모지(임시),"지구본 (everyday object of a Korean middle-aged family), single object, top-down friendly; flat pastel vector illustration, uniform warm-brown #6b5443 outline, no gradients, no text, no characters, rounded kid-friendly shapes"
2,idleprop:p_ramen,소품,방치형 식탁 위 소품,200x200 SVG,tables,이모지(임시),"라면 (everyday object of a Korean middle-aged family), single object, top-down friendly; flat pastel vector illustration, uniform warm-brown #6b5443 outline, no gradients, no text, no characters, rounded kid-friendly shapes"
2,idleprop:p_phone,소품,방치형 식탁 위 소품,200x200 SVG,tables,코드 SVG,"읽은 메시지 (everyday object of a Korean middle-aged family), single object, top-down friendly; flat pastel vector illustration, uniform warm-brown #6b5443 outline, no gradients, no text, no characters, rounded kid-friendly shapes"
2,idleprop:p_world,소품,방치형 식탁 위 소품,200x200 SVG,tables,이모지(임시),"세계일주 지도 (everyday object of a Korean middle-aged family), single object, top-down friendly; flat pastel vector illustration, uniform warm-brown #6b5443 outline, no gradients, no text, no characters, rounded kid-friendly shapes"
2,idleprop:p_pair,소품,방치형 식탁 위 소품,200x200 SVG,tables,이모지(임시),"커플 컵 (everyday object of a Korean middle-aged family), single object, top-down friendly; flat pastel vector illustration, uniform warm-brown #6b5443 outline, no gradients, no text, no characters, rounded kid-friendly shapes"
2,idleprop:p_film,소품,방치형 식탁 위 소품,200x200 SVG,tables,이모지(임시),"넷플릭스 리모컨 (everyday object of a Korean middle-aged family), single object, top-down friendly; flat pastel vector illustration, uniform warm-brown #6b5443 outline, no gradients, no text, no characters, rounded kid-friendly shapes"
2,idleprop:p_pack2,소품,방치형 식탁 위 소품,200x200 SVG,tables,이모지(임시),"온천 포인트 카드 (everyday object of a Korean middle-aged family), single object, top-down friendly; flat pastel vector illustration, uniform warm-brown #6b5443 outline, no gradients, no text, no characters, rounded kid-friendly shapes"
2,idleprop:p_book,소품,방치형 식탁 위 소품,200x200 SVG,tables,코드 SVG,"책 (everyday object of a Korean middle-aged family), single object, top-down friendly; flat pastel vector illustration, uniform warm-brown #6b5443 outline, no gradients, no text, no characters, rounded kid-friendly shapes"
2,idleprop:p_flower,소품,방치형 식탁 위 소품,200x200 SVG,tables,이모지(임시),"배달 꽃 (everyday object of a Korean middle-aged family), single object, top-down friendly; flat pastel vector illustration, uniform warm-brown #6b5443 outline, no gradients, no text, no characters, rounded kid-friendly shapes"
2,idleprop:p_label,소품,방치형 식탁 위 소품,200x200 SVG,tables,이모지(임시),"라벨 반찬통 (everyday object of a Korean middle-aged family), single object, top-down friendly; flat pastel vector illustration, uniform warm-brown #6b5443 outline, no gradients, no text, no characters, rounded kid-friendly shapes"
2,idleprop:p_env,소품,방치형 식탁 위 소품,200x200 SVG,tables,코드 SVG,"부의 봉투 (everyday object of a Korean middle-aged family), single object, top-down friendly; flat pastel vector illustration, uniform warm-brown #6b5443 outline, no gradients, no text, no characters, rounded kid-friendly shapes"
2,idleprop:p_wreath,소품,방치형 식탁 위 소품,200x200 SVG,tables,이모지(임시),"화환 리본 (everyday object of a Korean middle-aged family), single object, top-down friendly; flat pastel vector illustration, uniform warm-brown #6b5443 outline, no gradients, no text, no characters, rounded kid-friendly shapes"
2,idleprop:p_ra,소품,방치형 식탁 위 소품,200x200 SVG,tables,코드 SVG,"테니스 라켓 (everyday object of a Korean middle-aged family), single object, top-down friendly; flat pastel vector illustration, uniform warm-brown #6b5443 outline, no gradients, no text, no characters, rounded kid-friendly shapes"
2,idleprop:p_vio,소품,방치형 식탁 위 소품,200x200 SVG,tables,코드 SVG,"바이올린 (everyday object of a Korean middle-aged family), single object, top-down friendly; flat pastel vector illustration, uniform warm-brown #6b5443 outline, no gradients, no text, no characters, rounded kid-friendly shapes"
2,idleprop:p_chair,소품,방치형 식탁 위 소품,200x200 SVG,tables,이모지(임시),"네 번째 의자 (everyday object of a Korean middle-aged family), single object, top-down friendly; flat pastel vector illustration, uniform warm-brown #6b5443 outline, no gradients, no text, no characters, rounded kid-friendly shapes"
2,idleprop:p_clock,소품,방치형 식탁 위 소품,200x200 SVG,tables,이모지(임시),"벽시계 (everyday object of a Korean middle-aged family), single object, top-down friendly; flat pastel vector illustration, uniform warm-brown #6b5443 outline, no gradients, no text, no characters, rounded kid-friendly shapes"
2,idleprop:p_pack3,소품,방치형 식탁 위 소품,200x200 SVG,tables,이모지(임시),"황금 식기 (everyday object of a Korean middle-aged family), single object, top-down friendly; flat pastel vector illustration, uniform warm-brown #6b5443 outline, no gradients, no text, no characters, rounded kid-friendly shapes"
2,icon:home,UI 아이콘,공통 UI 키트,128x128 SVG,all,코드 SVG,"home icon, thick rounded line, pink/gold/green accent, centered; flat pastel vector illustration, uniform warm-brown #6b5443 outline, no gradients, no text, no characters, rounded kid-friendly shapes"
2,icon:back,UI 아이콘,공통 UI 키트,128x128 SVG,all,코드 SVG,"back icon, thick rounded line, pink/gold/green accent, centered; flat pastel vector illustration, uniform warm-brown #6b5443 outline, no gradients, no text, no characters, rounded kid-friendly shapes"
2,icon:next,UI 아이콘,공통 UI 키트,128x128 SVG,all,코드 SVG,"next icon, thick rounded line, pink/gold/green accent, centered; flat pastel vector illustration, uniform warm-brown #6b5443 outline, no gradients, no text, no characters, rounded kid-friendly shapes"
2,icon:play,UI 아이콘,공통 UI 키트,128x128 SVG,all,코드 SVG,"play icon, thick rounded line, pink/gold/green accent, centered; flat pastel vector illustration, uniform warm-brown #6b5443 outline, no gradients, no text, no characters, rounded kid-friendly shapes"
2,icon:replay,UI 아이콘,공통 UI 키트,128x128 SVG,all,코드 SVG,"replay icon, thick rounded line, pink/gold/green accent, centered; flat pastel vector illustration, uniform warm-brown #6b5443 outline, no gradients, no text, no characters, rounded kid-friendly shapes"
2,icon:sound,UI 아이콘,공통 UI 키트,128x128 SVG,all,코드 SVG,"sound icon, thick rounded line, pink/gold/green accent, centered; flat pastel vector illustration, uniform warm-brown #6b5443 outline, no gradients, no text, no characters, rounded kid-friendly shapes"
2,icon:mute,UI 아이콘,공통 UI 키트,128x128 SVG,all,코드 SVG,"mute icon, thick rounded line, pink/gold/green accent, centered; flat pastel vector illustration, uniform warm-brown #6b5443 outline, no gradients, no text, no characters, rounded kid-friendly shapes"
2,icon:star,UI 아이콘,공통 UI 키트,128x128 SVG,all,코드 SVG,"star icon, thick rounded line, pink/gold/green accent, centered; flat pastel vector illustration, uniform warm-brown #6b5443 outline, no gradients, no text, no characters, rounded kid-friendly shapes"
2,icon:heart,UI 아이콘,공통 UI 키트,128x128 SVG,all,코드 SVG,"heart icon, thick rounded line, pink/gold/green accent, centered; flat pastel vector illustration, uniform warm-brown #6b5443 outline, no gradients, no text, no characters, rounded kid-friendly shapes"
2,icon:lock,UI 아이콘,공통 UI 키트,128x128 SVG,all,코드 SVG,"lock icon, thick rounded line, pink/gold/green accent, centered; flat pastel vector illustration, uniform warm-brown #6b5443 outline, no gradients, no text, no characters, rounded kid-friendly shapes"
2,icon:check,UI 아이콘,공통 UI 키트,128x128 SVG,all,코드 SVG,"check icon, thick rounded line, pink/gold/green accent, centered; flat pastel vector illustration, uniform warm-brown #6b5443 outline, no gradients, no text, no characters, rounded kid-friendly shapes"
2,icon:close,UI 아이콘,공통 UI 키트,128x128 SVG,all,코드 SVG,"close icon, thick rounded line, pink/gold/green accent, centered; flat pastel vector illustration, uniform warm-brown #6b5443 outline, no gradients, no text, no characters, rounded kid-friendly shapes"
2,icon:gear,UI 아이콘,공통 UI 키트,128x128 SVG,all,코드 SVG,"gear icon, thick rounded line, pink/gold/green accent, centered; flat pastel vector illustration, uniform warm-brown #6b5443 outline, no gradients, no text, no characters, rounded kid-friendly shapes"
2,icon:gift,UI 아이콘,공통 UI 키트,128x128 SVG,all,코드 SVG,"gift icon, thick rounded line, pink/gold/green accent, centered; flat pastel vector illustration, uniform warm-brown #6b5443 outline, no gradients, no text, no characters, rounded kid-friendly shapes"
2,icon:book,UI 아이콘,공통 UI 키트,128x128 SVG,all,코드 SVG,"book icon, thick rounded line, pink/gold/green accent, centered; flat pastel vector illustration, uniform warm-brown #6b5443 outline, no gradients, no text, no characters, rounded kid-friendly shapes"
2,icon:shapes,UI 아이콘,공통 UI 키트,128x128 SVG,all,코드 SVG,"shapes icon, thick rounded line, pink/gold/green accent, centered; flat pastel vector illustration, uniform warm-brown #6b5443 outline, no gradients, no text, no characters, rounded kid-friendly shapes"
2,icon:brush,UI 아이콘,공통 UI 키트,128x128 SVG,all,코드 SVG,"brush icon, thick rounded line, pink/gold/green accent, centered; flat pastel vector illustration, uniform warm-brown #6b5443 outline, no gradients, no text, no characters, rounded kid-friendly shapes"
2,icon:share,UI 아이콘,공통 UI 키트,128x128 SVG,all,코드 SVG,"share icon, thick rounded line, pink/gold/green accent, centered; flat pastel vector illustration, uniform warm-brown #6b5443 outline, no gradients, no text, no characters, rounded kid-friendly shapes"
2,icon:info,UI 아이콘,공통 UI 키트,128x128 SVG,all,코드 SVG,"info icon, thick rounded line, pink/gold/green accent, centered; flat pastel vector illustration, uniform warm-brown #6b5443 outline, no gradients, no text, no characters, rounded kid-friendly shapes"
2,icon:plus,UI 아이콘,공통 UI 키트,128x128 SVG,all,코드 SVG,"plus icon, thick rounded line, pink/gold/green accent, centered; flat pastel vector illustration, uniform warm-brown #6b5443 outline, no gradients, no text, no characters, rounded kid-friendly shapes"
2,icon:map,UI 아이콘,공통 UI 키트(추가),128x128 SVG,all,없음,"map icon, thick rounded line, pink/gold/green accent, centered; flat pastel vector illustration, uniform warm-brown #6b5443 outline, no gradients, no text, no characters, rounded kid-friendly shapes"
2,icon:album,UI 아이콘,공통 UI 키트(추가),128x128 SVG,all,없음,"album icon, thick rounded line, pink/gold/green accent, centered; flat pastel vector illustration, uniform warm-brown #6b5443 outline, no gradients, no text, no characters, rounded kid-friendly shapes"
2,icon:house,UI 아이콘,공통 UI 키트(추가),128x128 SVG,all,없음,"house icon, thick rounded line, pink/gold/green accent, centered; flat pastel vector illustration, uniform warm-brown #6b5443 outline, no gradients, no text, no characters, rounded kid-friendly shapes"
2,icon:sticker,UI 아이콘,공통 UI 키트(추가),128x128 SVG,all,없음,"sticker icon, thick rounded line, pink/gold/green accent, centered; flat pastel vector illustration, uniform warm-brown #6b5443 outline, no gradients, no text, no characters, rounded kid-friendly shapes"
2,icon:merge,UI 아이콘,공통 UI 키트(추가),128x128 SVG,all,없음,"merge icon, thick rounded line, pink/gold/green accent, centered; flat pastel vector illustration, uniform warm-brown #6b5443 outline, no gradients, no text, no characters, rounded kid-friendly shapes"
2,icon:palette,UI 아이콘,공통 UI 키트(추가),128x128 SVG,all,없음,"palette icon, thick rounded line, pink/gold/green accent, centered; flat pastel vector illustration, uniform warm-brown #6b5443 outline, no gradients, no text, no characters, rounded kid-friendly shapes"
2,icon:trophy,UI 아이콘,공통 UI 키트(추가),128x128 SVG,all,없음,"trophy icon, thick rounded line, pink/gold/green accent, centered; flat pastel vector illustration, uniform warm-brown #6b5443 outline, no gradients, no text, no characters, rounded kid-friendly shapes"
2,icon:camera,UI 아이콘,공통 UI 키트(추가),128x128 SVG,all,없음,"camera icon, thick rounded line, pink/gold/green accent, centered; flat pastel vector illustration, uniform warm-brown #6b5443 outline, no gradients, no text, no characters, rounded kid-friendly shapes"
2,icon:trash,UI 아이콘,공통 UI 키트(추가),128x128 SVG,all,없음,"trash icon, thick rounded line, pink/gold/green accent, centered; flat pastel vector illustration, uniform warm-brown #6b5443 outline, no gradients, no text, no characters, rounded kid-friendly shapes"
2,icon:lamp,UI 아이콘,공통 UI 키트(추가),128x128 SVG,all,없음,"lamp icon, thick rounded line, pink/gold/green accent, centered; flat pastel vector illustration, uniform warm-brown #6b5443 outline, no gradients, no text, no characters, rounded kid-friendly shapes"
2,tier:0:1,진화 사다리,도형 합치기 t1,512x512 SVG,merge,코드 SVG,"작은 rounded square block with a cute face (two dot eyes, smile), peach color; flat pastel vector illustration, uniform warm-brown #6b5443 outline, no gradients, no text, no characters, rounded kid-friendly shapes"
2,tier:0:2,진화 사다리,도형 합치기 t2,512x512 SVG,merge,코드 SVG,"큰 rounded square block with a cute face (two dot eyes, smile), peach color; flat pastel vector illustration, uniform warm-brown #6b5443 outline, no gradients, no text, no characters, rounded kid-friendly shapes"
2,tier:1:1,진화 사다리,도형 합치기 t1,512x512 SVG,merge,코드 SVG,"작은 triangle block with a cute face (two dot eyes, smile), sky blue color; flat pastel vector illustration, uniform warm-brown #6b5443 outline, no gradients, no text, no characters, rounded kid-friendly shapes"
2,tier:1:2,진화 사다리,도형 합치기 t2,512x512 SVG,merge,코드 SVG,"큰 triangle block with a cute face (two dot eyes, smile), sky blue color; flat pastel vector illustration, uniform warm-brown #6b5443 outline, no gradients, no text, no characters, rounded kid-friendly shapes"
2,tier:2:1,진화 사다리,도형 합치기 t1,512x512 SVG,merge,코드 SVG,"작은 circle block with a cute face (two dot eyes, smile), periwinkle color; flat pastel vector illustration, uniform warm-brown #6b5443 outline, no gradients, no text, no characters, rounded kid-friendly shapes"
2,tier:2:2,진화 사다리,도형 합치기 t2,512x512 SVG,merge,코드 SVG,"큰 circle block with a cute face (two dot eyes, smile), periwinkle color; flat pastel vector illustration, uniform warm-brown #6b5443 outline, no gradients, no text, no characters, rounded kid-friendly shapes"
2,tier:sparkle,진화 사다리,세모 반짝 표시,128x128 SVG,merge,코드 SVG,"gold sparkle badge overlay; flat pastel vector illustration, uniform warm-brown #6b5443 outline, no gradients, no text, no characters, rounded kid-friendly shapes"
2,block:block_tile,게임 UI,"⑦ 도형 블록 블록 칸(가족별 색+모양 표식 3종, 짐, 반짝)",50x50 SVG,block,코드 SVG,(아트 패스 때 타일 세트로 교체)
2,block:block_board,게임 UI,⑦ 도형 블록 8x8 판 배경,50x50 SVG,block,코드 SVG,(아트 패스 때 타일 세트로 교체)
2,spot:props,장면 소품,⑥ 장면 3층 요소(앞·중간·뒤) 25~40개: 현재 방 아이템 art + 이모지 + 코드 장식 합성,다양,spot,임시 합성,아트 패스 때 이야기별 소품 세트로 교체(생활 소품 위주: 울타리·장독·우물·고양이·빨래·자전거 등)
2,tile:art,타일 그림 세트,⑨ 타일 앞면 그림 18종(음식·살림)+열쇠+반짝+세 가족 얼굴 6종(기존 캐릭터 PNG 얼굴 크롭),96x96 SVG,tile,이모지(임시),아트 패스 때 같은 선·색 규격의 타일 일러스트 세트로 교체
2,tile:sym:0:0,타일 그림(이야기 상징),⑨ 장 1 pigs의 상징 타일 1 — 벽돌,96x96 SVG,tile,이모지(임시),"벽돌, story symbol of pigs, flat pastel vector icon on a cream rounded tile, uniform warm-brown #6b5443 outline, no text, no characters, simple readable at 56px"
2,tile:sym:0:1,타일 그림(이야기 상징),⑨ 장 1 pigs의 상징 타일 2 — 볏짚,96x96 SVG,tile,이모지(임시),"볏짚, story symbol of pigs, flat pastel vector icon on a cream rounded tile, uniform warm-brown #6b5443 outline, no text, no characters, simple readable at 56px"
2,tile:sym:0:2,타일 그림(이야기 상징),⑨ 장 1 pigs의 상징 타일 3 — 나무,96x96 SVG,tile,이모지(임시),"나무, story symbol of pigs, flat pastel vector icon on a cream rounded tile, uniform warm-brown #6b5443 outline, no text, no characters, simple readable at 56px"
2,tile:sym:1:0,타일 그림(이야기 상징),⑨ 장 2 bremen의 상징 타일 1 — 북,96x96 SVG,tile,이모지(임시),"북, story symbol of bremen, flat pastel vector icon on a cream rounded tile, uniform warm-brown #6b5443 outline, no text, no characters, simple readable at 56px"
2,tile:sym:1:1,타일 그림(이야기 상징),⑨ 장 2 bremen의 상징 타일 2 — 나팔,96x96 SVG,tile,이모지(임시),"나팔, story symbol of bremen, flat pastel vector icon on a cream rounded tile, uniform warm-brown #6b5443 outline, no text, no characters, simple readable at 56px"
2,tile:sym:1:2,타일 그림(이야기 상징),⑨ 장 2 bremen의 상징 타일 3 — 바이올린,96x96 SVG,tile,이모지(임시),"바이올린, story symbol of bremen, flat pastel vector icon on a cream rounded tile, uniform warm-brown #6b5443 outline, no text, no characters, simple readable at 56px"
2,tile:sym:2:0,타일 그림(이야기 상징),⑨ 장 3 gyeonwoo의 상징 타일 1 — 까치,96x96 SVG,tile,이모지(임시),"까치, story symbol of gyeonwoo, flat pastel vector icon on a cream rounded tile, uniform warm-brown #6b5443 outline, no text, no characters, simple readable at 56px"
2,tile:sym:2:1,타일 그림(이야기 상징),⑨ 장 3 gyeonwoo의 상징 타일 2 — 칠석 대나무,96x96 SVG,tile,이모지(임시),"칠석 대나무, story symbol of gyeonwoo, flat pastel vector icon on a cream rounded tile, uniform warm-brown #6b5443 outline, no text, no characters, simple readable at 56px"
2,tile:sym:2:2,타일 그림(이야기 상징),⑨ 장 3 gyeonwoo의 상징 타일 3 — 은하수,96x96 SVG,tile,이모지(임시),"은하수, story symbol of gyeonwoo, flat pastel vector icon on a cream rounded tile, uniform warm-brown #6b5443 outline, no text, no characters, simple readable at 56px"
2,tile:sym:3:0,타일 그림(이야기 상징),⑨ 장 4 bears의 상징 타일 1 — 수프,96x96 SVG,tile,이모지(임시),"수프, story symbol of bears, flat pastel vector icon on a cream rounded tile, uniform warm-brown #6b5443 outline, no text, no characters, simple readable at 56px"
2,tile:sym:3:1,타일 그림(이야기 상징),⑨ 장 4 bears의 상징 타일 2 — 의자,96x96 SVG,tile,이모지(임시),"의자, story symbol of bears, flat pastel vector icon on a cream rounded tile, uniform warm-brown #6b5443 outline, no text, no characters, simple readable at 56px"
2,tile:sym:3:2,타일 그림(이야기 상징),⑨ 장 4 bears의 상징 타일 3 — 침대,96x96 SVG,tile,이모지(임시),"침대, story symbol of bears, flat pastel vector icon on a cream rounded tile, uniform warm-brown #6b5443 outline, no text, no characters, simple readable at 56px"
2,tile:sym:4:0,타일 그림(이야기 상징),⑨ 장 5 jack의 상징 타일 1 — 콩,96x96 SVG,tile,이모지(임시),"콩, story symbol of jack, flat pastel vector icon on a cream rounded tile, uniform warm-brown #6b5443 outline, no text, no characters, simple readable at 56px"
2,tile:sym:4:1,타일 그림(이야기 상징),⑨ 장 5 jack의 상징 타일 2 — 황금알,96x96 SVG,tile,이모지(임시),"황금알, story symbol of jack, flat pastel vector icon on a cream rounded tile, uniform warm-brown #6b5443 outline, no text, no characters, simple readable at 56px"
2,tile:sym:4:2,타일 그림(이야기 상징),⑨ 장 5 jack의 상징 타일 3 — 사다리,96x96 SVG,tile,이모지(임시),"사다리, story symbol of jack, flat pastel vector icon on a cream rounded tile, uniform warm-brown #6b5443 outline, no text, no characters, simple readable at 56px"
2,tile:sym:5:0,타일 그림(이야기 상징),⑨ 장 6 kongjwi의 상징 타일 1 — 꽃신,96x96 SVG,tile,이모지(임시),"꽃신, story symbol of kongjwi, flat pastel vector icon on a cream rounded tile, uniform warm-brown #6b5443 outline, no text, no characters, simple readable at 56px"
2,tile:sym:5:1,타일 그림(이야기 상징),⑨ 장 6 kongjwi의 상징 타일 2 — 두꺼비,96x96 SVG,tile,이모지(임시),"두꺼비, story symbol of kongjwi, flat pastel vector icon on a cream rounded tile, uniform warm-brown #6b5443 outline, no text, no characters, simple readable at 56px"
2,tile:sym:5:2,타일 그림(이야기 상징),⑨ 장 6 kongjwi의 상징 타일 3 — 독,96x96 SVG,tile,이모지(임시),"독, story symbol of kongjwi, flat pastel vector icon on a cream rounded tile, uniform warm-brown #6b5443 outline, no text, no characters, simple readable at 56px"
2,tile:sym:6:0,타일 그림(이야기 상징),⑨ 장 7 heungbu의 상징 타일 1 — 박,96x96 SVG,tile,이모지(임시),"박, story symbol of heungbu, flat pastel vector icon on a cream rounded tile, uniform warm-brown #6b5443 outline, no text, no characters, simple readable at 56px"
2,tile:sym:6:1,타일 그림(이야기 상징),⑨ 장 7 heungbu의 상징 타일 2 — 제비,96x96 SVG,tile,이모지(임시),"제비, story symbol of heungbu, flat pastel vector icon on a cream rounded tile, uniform warm-brown #6b5443 outline, no text, no characters, simple readable at 56px"
2,tile:sym:6:2,타일 그림(이야기 상징),⑨ 장 7 heungbu의 상징 타일 3 — 볏단,96x96 SVG,tile,이모지(임시),"볏단, story symbol of heungbu, flat pastel vector icon on a cream rounded tile, uniform warm-brown #6b5443 outline, no text, no characters, simple readable at 56px"
2,tile:sym:7:0,타일 그림(이야기 상징),⑨ 장 8 ureng의 상징 타일 1 — 우렁,96x96 SVG,tile,이모지(임시),"우렁, story symbol of ureng, flat pastel vector icon on a cream rounded tile, uniform warm-brown #6b5443 outline, no text, no characters, simple readable at 56px"
2,tile:sym:7:1,타일 그림(이야기 상징),⑨ 장 8 ureng의 상징 타일 2 — 밥,96x96 SVG,tile,이모지(임시),"밥, story symbol of ureng, flat pastel vector icon on a cream rounded tile, uniform warm-brown #6b5443 outline, no text, no characters, simple readable at 56px"
2,tile:sym:7:2,타일 그림(이야기 상징),⑨ 장 8 ureng의 상징 타일 3 — 항아리,96x96 SVG,tile,이모지(임시),"항아리, story symbol of ureng, flat pastel vector icon on a cream rounded tile, uniform warm-brown #6b5443 outline, no text, no characters, simple readable at 56px"
2,tile:sym:8:0,타일 그림(이야기 상징),⑨ 장 9 axe의 상징 타일 1 — 금도끼,96x96 SVG,tile,이모지(임시),"금도끼, story symbol of axe, flat pastel vector icon on a cream rounded tile, uniform warm-brown #6b5443 outline, no text, no characters, simple readable at 56px"
2,tile:sym:8:1,타일 그림(이야기 상징),⑨ 장 9 axe의 상징 타일 2 — 은도끼,96x96 SVG,tile,이모지(임시),"은도끼, story symbol of axe, flat pastel vector icon on a cream rounded tile, uniform warm-brown #6b5443 outline, no text, no characters, simple readable at 56px"
2,tile:sym:8:2,타일 그림(이야기 상징),⑨ 장 9 axe의 상징 타일 3 — 쇠도끼,96x96 SVG,tile,이모지(임시),"쇠도끼, story symbol of axe, flat pastel vector icon on a cream rounded tile, uniform warm-brown #6b5443 outline, no text, no characters, simple readable at 56px"
2,tile:sym:9:0,타일 그림(이야기 상징),⑨ 장 10 ant의 상징 타일 1 — 곡식,96x96 SVG,tile,이모지(임시),"곡식, story symbol of ant, flat pastel vector icon on a cream rounded tile, uniform warm-brown #6b5443 outline, no text, no characters, simple readable at 56px"
2,tile:sym:9:1,타일 그림(이야기 상징),⑨ 장 10 ant의 상징 타일 2 — 곳간,96x96 SVG,tile,이모지(임시),"곳간, story symbol of ant, flat pastel vector icon on a cream rounded tile, uniform warm-brown #6b5443 outline, no text, no characters, simple readable at 56px"
2,tile:sym:9:2,타일 그림(이야기 상징),⑨ 장 10 ant의 상징 타일 3 — 노래,96x96 SVG,tile,이모지(임시),"노래, story symbol of ant, flat pastel vector icon on a cream rounded tile, uniform warm-brown #6b5443 outline, no text, no characters, simple readable at 56px"
2,tile:sym:10:0,타일 그림(이야기 상징),⑨ 장 11 sun의 상징 타일 1 — 달,96x96 SVG,tile,이모지(임시),"달, story symbol of sun, flat pastel vector icon on a cream rounded tile, uniform warm-brown #6b5443 outline, no text, no characters, simple readable at 56px"
2,tile:sym:10:1,타일 그림(이야기 상징),⑨ 장 11 sun의 상징 타일 2 — 해,96x96 SVG,tile,이모지(임시),"해, story symbol of sun, flat pastel vector icon on a cream rounded tile, uniform warm-brown #6b5443 outline, no text, no characters, simple readable at 56px"
2,tile:sym:10:2,타일 그림(이야기 상징),⑨ 장 11 sun의 상징 타일 3 — 동아줄,96x96 SVG,tile,이모지(임시),"동아줄, story symbol of sun, flat pastel vector icon on a cream rounded tile, uniform warm-brown #6b5443 outline, no text, no characters, simple readable at 56px"
2,tile:sym:11:0,타일 그림(이야기 상징),⑨ 장 12 hare의 상징 타일 1 — 당근,96x96 SVG,tile,이모지(임시),"당근, story symbol of hare, flat pastel vector icon on a cream rounded tile, uniform warm-brown #6b5443 outline, no text, no characters, simple readable at 56px"
2,tile:sym:11:1,타일 그림(이야기 상징),⑨ 장 12 hare의 상징 타일 2 — 결승선,96x96 SVG,tile,이모지(임시),"결승선, story symbol of hare, flat pastel vector icon on a cream rounded tile, uniform warm-brown #6b5443 outline, no text, no characters, simple readable at 56px"
2,tile:sym:11:2,타일 그림(이야기 상징),⑨ 장 12 hare의 상징 타일 3 — 거북이,96x96 SVG,tile,이모지(임시),"거북이, story symbol of hare, flat pastel vector icon on a cream rounded tile, uniform warm-brown #6b5443 outline, no text, no characters, simple readable at 56px"
2,tile:item:p_mix,타일 그림(세계관 소품),"⑨ 일반 타일 그림 — 믹스커피 (방 아이템 그림 재사용, 타일용 정사각 일러스트로 교체)",96x96 SVG,tile,방 아이템 그림 재사용(임시),"믹스커피, flat pastel vector icon on a cream rounded tile, uniform warm-brown #6b5443 outline, no text, no characters, simple readable at 56px"
2,tile:item:p_lunch,타일 그림(세계관 소품),"⑨ 일반 타일 그림 — 도시락 (방 아이템 그림 재사용, 타일용 정사각 일러스트로 교체)",96x96 SVG,tile,방 아이템 그림 재사용(임시),"도시락, flat pastel vector icon on a cream rounded tile, uniform warm-brown #6b5443 outline, no text, no characters, simple readable at 56px"
2,tile:item:p_rice,타일 그림(세계관 소품),"⑨ 일반 타일 그림 — 밥솥 (방 아이템 그림 재사용, 타일용 정사각 일러스트로 교체)",96x96 SVG,tile,방 아이템 그림 재사용(임시),"밥솥, flat pastel vector icon on a cream rounded tile, uniform warm-brown #6b5443 outline, no text, no characters, simple readable at 56px"
2,tile:item:p_remote,타일 그림(세계관 소품),"⑨ 일반 타일 그림 — 리모컨 (방 아이템 그림 재사용, 타일용 정사각 일러스트로 교체)",96x96 SVG,tile,방 아이템 그림 재사용(임시),"리모컨, flat pastel vector icon on a cream rounded tile, uniform warm-brown #6b5443 outline, no text, no characters, simple readable at 56px"
2,tile:item:p_points,타일 그림(세계관 소품),"⑨ 일반 타일 그림 — 영수증 (방 아이템 그림 재사용, 타일용 정사각 일러스트로 교체)",96x96 SVG,tile,방 아이템 그림 재사용(임시),"영수증, flat pastel vector icon on a cream rounded tile, uniform warm-brown #6b5443 outline, no text, no characters, simple readable at 56px"
2,tile:item:p_glass,타일 그림(세계관 소품),"⑨ 일반 타일 그림 — 돋보기 (방 아이템 그림 재사용, 타일용 정사각 일러스트로 교체)",96x96 SVG,tile,방 아이템 그림 재사용(임시),"돋보기, flat pastel vector icon on a cream rounded tile, uniform warm-brown #6b5443 outline, no text, no characters, simple readable at 56px"
2,tile:item:p_kimchi,타일 그림(세계관 소품),"⑨ 일반 타일 그림 — 김치 (방 아이템 그림 재사용, 타일용 정사각 일러스트로 교체)",96x96 SVG,tile,방 아이템 그림 재사용(임시),"김치, flat pastel vector icon on a cream rounded tile, uniform warm-brown #6b5443 outline, no text, no characters, simple readable at 56px"
2,tile:item:p_pill,타일 그림(세계관 소품),"⑨ 일반 타일 그림 — 혈압약 통 (방 아이템 그림 재사용, 타일용 정사각 일러스트로 교체)",96x96 SVG,tile,방 아이템 그림 재사용(임시),"혈압약 통, flat pastel vector icon on a cream rounded tile, uniform warm-brown #6b5443 outline, no text, no characters, simple readable at 56px"
2,tile:item:p_photo,타일 그림(세계관 소품),"⑨ 일반 타일 그림 — 가족사진 (방 아이템 그림 재사용, 타일용 정사각 일러스트로 교체)",96x96 SVG,tile,방 아이템 그림 재사용(임시),"가족사진, flat pastel vector icon on a cream rounded tile, uniform warm-brown #6b5443 outline, no text, no characters, simple readable at 56px"
2,tile:item:p_tea,타일 그림(세계관 소품),"⑨ 일반 타일 그림 — 찻잔 (방 아이템 그림 재사용, 타일용 정사각 일러스트로 교체)",96x96 SVG,tile,방 아이템 그림 재사용(임시),"찻잔, flat pastel vector icon on a cream rounded tile, uniform warm-brown #6b5443 outline, no text, no characters, simple readable at 56px"
2,tile:item:p_bagt,타일 그림(세계관 소품),"⑨ 일반 타일 그림 — 캐리어 (방 아이템 그림 재사용, 타일용 정사각 일러스트로 교체)",96x96 SVG,tile,방 아이템 그림 재사용(임시),"캐리어, flat pastel vector icon on a cream rounded tile, uniform warm-brown #6b5443 outline, no text, no characters, simple readable at 56px"
2,tile:item:p_pass,타일 그림(세계관 소품),"⑨ 일반 타일 그림 — 여권 (방 아이템 그림 재사용, 타일용 정사각 일러스트로 교체)",96x96 SVG,tile,방 아이템 그림 재사용(임시),"여권, flat pastel vector icon on a cream rounded tile, uniform warm-brown #6b5443 outline, no text, no characters, simple readable at 56px"
2,tile:item:p_globe,타일 그림(세계관 소품),"⑨ 일반 타일 그림 — 지구본 (방 아이템 그림 재사용, 타일용 정사각 일러스트로 교체)",96x96 SVG,tile,방 아이템 그림 재사용(임시),"지구본, flat pastel vector icon on a cream rounded tile, uniform warm-brown #6b5443 outline, no text, no characters, simple readable at 56px"
2,tile:item:p_ramen,타일 그림(세계관 소품),"⑨ 일반 타일 그림 — 라면 (방 아이템 그림 재사용, 타일용 정사각 일러스트로 교체)",96x96 SVG,tile,방 아이템 그림 재사용(임시),"라면, flat pastel vector icon on a cream rounded tile, uniform warm-brown #6b5443 outline, no text, no characters, simple readable at 56px"
2,tile:item:p_phone,타일 그림(세계관 소품),"⑨ 일반 타일 그림 — 메시지 (방 아이템 그림 재사용, 타일용 정사각 일러스트로 교체)",96x96 SVG,tile,방 아이템 그림 재사용(임시),"메시지, flat pastel vector icon on a cream rounded tile, uniform warm-brown #6b5443 outline, no text, no characters, simple readable at 56px"
2,tile:item:p_pair,타일 그림(세계관 소품),"⑨ 일반 타일 그림 — 커플 컵 (방 아이템 그림 재사용, 타일용 정사각 일러스트로 교체)",96x96 SVG,tile,방 아이템 그림 재사용(임시),"커플 컵, flat pastel vector icon on a cream rounded tile, uniform warm-brown #6b5443 outline, no text, no characters, simple readable at 56px"
2,tile:item:p_book,타일 그림(세계관 소품),"⑨ 일반 타일 그림 — 책 (방 아이템 그림 재사용, 타일용 정사각 일러스트로 교체)",96x96 SVG,tile,방 아이템 그림 재사용(임시),"책, flat pastel vector icon on a cream rounded tile, uniform warm-brown #6b5443 outline, no text, no characters, simple readable at 56px"
2,tile:item:p_flower,타일 그림(세계관 소품),"⑨ 일반 타일 그림 — 꽃 (방 아이템 그림 재사용, 타일용 정사각 일러스트로 교체)",96x96 SVG,tile,방 아이템 그림 재사용(임시),"꽃, flat pastel vector icon on a cream rounded tile, uniform warm-brown #6b5443 outline, no text, no characters, simple readable at 56px"
2,tile:item:p_label,타일 그림(세계관 소품),"⑨ 일반 타일 그림 — 반찬통 (방 아이템 그림 재사용, 타일용 정사각 일러스트로 교체)",96x96 SVG,tile,방 아이템 그림 재사용(임시),"반찬통, flat pastel vector icon on a cream rounded tile, uniform warm-brown #6b5443 outline, no text, no characters, simple readable at 56px"
2,tile:item:p_env,타일 그림(세계관 소품),"⑨ 일반 타일 그림 — 부의 봉투 (방 아이템 그림 재사용, 타일용 정사각 일러스트로 교체)",96x96 SVG,tile,방 아이템 그림 재사용(임시),"부의 봉투, flat pastel vector icon on a cream rounded tile, uniform warm-brown #6b5443 outline, no text, no characters, simple readable at 56px"
2,tile:item:p_wreath,타일 그림(세계관 소품),"⑨ 일반 타일 그림 — 화환 리본 (방 아이템 그림 재사용, 타일용 정사각 일러스트로 교체)",96x96 SVG,tile,방 아이템 그림 재사용(임시),"화환 리본, flat pastel vector icon on a cream rounded tile, uniform warm-brown #6b5443 outline, no text, no characters, simple readable at 56px"
2,tile:item:p_ra,타일 그림(세계관 소품),"⑨ 일반 타일 그림 — 테니스 라켓 (방 아이템 그림 재사용, 타일용 정사각 일러스트로 교체)",96x96 SVG,tile,방 아이템 그림 재사용(임시),"테니스 라켓, flat pastel vector icon on a cream rounded tile, uniform warm-brown #6b5443 outline, no text, no characters, simple readable at 56px"
2,tile:item:p_vio,타일 그림(세계관 소품),"⑨ 일반 타일 그림 — 바이올린 (방 아이템 그림 재사용, 타일용 정사각 일러스트로 교체)",96x96 SVG,tile,방 아이템 그림 재사용(임시),"바이올린, flat pastel vector icon on a cream rounded tile, uniform warm-brown #6b5443 outline, no text, no characters, simple readable at 56px"
2,tile:item:p_chair,타일 그림(세계관 소품),"⑨ 일반 타일 그림 — 의자 (방 아이템 그림 재사용, 타일용 정사각 일러스트로 교체)",96x96 SVG,tile,방 아이템 그림 재사용(임시),"의자, flat pastel vector icon on a cream rounded tile, uniform warm-brown #6b5443 outline, no text, no characters, simple readable at 56px"
2,tile:item:p_clock,타일 그림(세계관 소품),"⑨ 일반 타일 그림 — 벽시계 (방 아이템 그림 재사용, 타일용 정사각 일러스트로 교체)",96x96 SVG,tile,방 아이템 그림 재사용(임시),"벽시계, flat pastel vector icon on a cream rounded tile, uniform warm-brown #6b5443 outline, no text, no characters, simple readable at 56px"
2,tile:item:s_songpyeon,타일 그림(세계관 소품),"⑨ 일반 타일 그림 — 송편 (방 아이템 그림 재사용, 타일용 정사각 일러스트로 교체)",96x96 SVG,tile,방 아이템 그림 재사용(임시),"송편, flat pastel vector icon on a cream rounded tile, uniform warm-brown #6b5443 outline, no text, no characters, simple readable at 56px"
2,tile:item:k_ch4,타일 그림(세계관 소품),"⑨ 일반 타일 그림 — 달 램프 (방 아이템 그림 재사용, 타일용 정사각 일러스트로 교체)",96x96 SVG,tile,방 아이템 그림 재사용(임시),"달 램프, flat pastel vector icon on a cream rounded tile, uniform warm-brown #6b5443 outline, no text, no characters, simple readable at 56px"
2,tile:item:k_ch12,타일 그림(세계관 소품),"⑨ 일반 타일 그림 — 수박 방석 (방 아이템 그림 재사용, 타일용 정사각 일러스트로 교체)",96x96 SVG,tile,방 아이템 그림 재사용(임시),"수박 방석, flat pastel vector icon on a cream rounded tile, uniform warm-brown #6b5443 outline, no text, no characters, simple readable at 56px"
2,sort:e:shoes,정리 물건 그림,⑧ 칸에 담기는 물건 — 축구화,88x88 SVG,sort,이모지(임시),"축구화, flat pastel vector icon, uniform warm-brown #6b5443 outline, no text, no characters, simple readable at 44px"
2,sort:e:socks,정리 물건 그림,⑧ 칸에 담기는 물건 — 양말,88x88 SVG,sort,이모지(임시),"양말, flat pastel vector icon, uniform warm-brown #6b5443 outline, no text, no characters, simple readable at 44px"
2,sort:e:shirt,정리 물건 그림,⑧ 칸에 담기는 물건 — 셔츠,88x88 SVG,sort,이모지(임시),"셔츠, flat pastel vector icon, uniform warm-brown #6b5443 outline, no text, no characters, simple readable at 44px"
2,sort:e:egg,정리 물건 그림,⑧ 칸에 담기는 물건 — 계란,88x88 SVG,sort,이모지(임시),"계란, flat pastel vector icon, uniform warm-brown #6b5443 outline, no text, no characters, simple readable at 44px"
2,sort:e:apple,정리 물건 그림,⑧ 칸에 담기는 물건 — 사과,88x88 SVG,sort,이모지(임시),"사과, flat pastel vector icon, uniform warm-brown #6b5443 outline, no text, no characters, simple readable at 44px"
2,sort:e:carrot,정리 물건 그림,⑧ 칸에 담기는 물건 — 당근,88x88 SVG,sort,이모지(임시),"당근, flat pastel vector icon, uniform warm-brown #6b5443 outline, no text, no characters, simple readable at 44px"
2,sort:e:onion,정리 물건 그림,⑧ 칸에 담기는 물건 — 양파,88x88 SVG,sort,이모지(임시),"양파, flat pastel vector icon, uniform warm-brown #6b5443 outline, no text, no characters, simple readable at 44px"
2,sort:e:lotion,정리 물건 그림,⑧ 칸에 담기는 물건 — 로션,88x88 SVG,sort,이모지(임시),"로션, flat pastel vector icon, uniform warm-brown #6b5443 outline, no text, no characters, simple readable at 44px"
2,sort:e:toy,정리 물건 그림,⑧ 칸에 담기는 물건 — 인형,88x88 SVG,sort,이모지(임시),"인형, flat pastel vector icon, uniform warm-brown #6b5443 outline, no text, no characters, simple readable at 44px"
2,sort:e:can,정리 물건 그림,⑧ 칸에 담기는 물건 — 통조림,88x88 SVG,sort,이모지(임시),"통조림, flat pastel vector icon, uniform warm-brown #6b5443 outline, no text, no characters, simple readable at 44px"
2,sort:e:bottle,정리 물건 그림,⑧ 칸에 담기는 물건 — 병,88x88 SVG,sort,이모지(임시),"병, flat pastel vector icon, uniform warm-brown #6b5443 outline, no text, no characters, simple readable at 44px"
2,sort:e:juice,정리 물건 그림,⑧ 칸에 담기는 물건 — 주스,88x88 SVG,sort,이모지(임시),"주스, flat pastel vector icon, uniform warm-brown #6b5443 outline, no text, no characters, simple readable at 44px"
2,sort:e:milk,정리 물건 그림,⑧ 칸에 담기는 물건 — 우유,88x88 SVG,sort,이모지(임시),"우유, flat pastel vector icon, uniform warm-brown #6b5443 outline, no text, no characters, simple readable at 44px"
2,sort:e:dress,정리 물건 그림,⑧ 칸에 담기는 물건 — 구두,88x88 SVG,sort,이모지(임시),"구두, flat pastel vector icon, uniform warm-brown #6b5443 outline, no text, no characters, simple readable at 44px"
2,sort:e:glove,정리 물건 그림,⑧ 칸에 담기는 물건 — 장갑,88x88 SVG,sort,이모지(임시),"장갑, flat pastel vector icon, uniform warm-brown #6b5443 outline, no text, no characters, simple readable at 44px"
2,sort:e:scarf,정리 물건 그림,⑧ 칸에 담기는 물건 — 목도리,88x88 SVG,sort,이모지(임시),"목도리, flat pastel vector icon, uniform warm-brown #6b5443 outline, no text, no characters, simple readable at 44px"
2,sort:e:bag,정리 물건 그림,⑧ 칸에 담기는 물건 — 가방,88x88 SVG,sort,이모지(임시),"가방, flat pastel vector icon, uniform warm-brown #6b5443 outline, no text, no characters, simple readable at 44px"
2,sort:e:key,정리 물건 그림,⑧ 칸에 담기는 물건 — 열쇠,88x88 SVG,sort,이모지(임시),"열쇠, flat pastel vector icon, uniform warm-brown #6b5443 outline, no text, no characters, simple readable at 44px"
2,sort:e:lemon,정리 물건 그림,⑧ 칸에 담기는 물건 — 레몬,88x88 SVG,sort,이모지(임시),"레몬, flat pastel vector icon, uniform warm-brown #6b5443 outline, no text, no characters, simple readable at 44px"
2,sort:e:potato,정리 물건 그림,⑧ 칸에 담기는 물건 — 감자,88x88 SVG,sort,이모지(임시),"감자, flat pastel vector icon, uniform warm-brown #6b5443 outline, no text, no characters, simple readable at 44px"
2,sort:sym:0:0,정리 물건 그림(이야기 상징),⑧ 장 1 pigs의 상징 물건 — 벽돌,88x88 SVG,sort,이모지(임시),"벽돌, story symbol of pigs, flat pastel vector icon, uniform warm-brown #6b5443 outline, no text, no characters, simple readable at 44px"
2,sort:sym:0:1,정리 물건 그림(이야기 상징),⑧ 장 1 pigs의 상징 물건 — 볏짚,88x88 SVG,sort,이모지(임시),"볏짚, story symbol of pigs, flat pastel vector icon, uniform warm-brown #6b5443 outline, no text, no characters, simple readable at 44px"
2,sort:sym:0:2,정리 물건 그림(이야기 상징),⑧ 장 1 pigs의 상징 물건 — 나무,88x88 SVG,sort,이모지(임시),"나무, story symbol of pigs, flat pastel vector icon, uniform warm-brown #6b5443 outline, no text, no characters, simple readable at 44px"
2,sort:sym:1:0,정리 물건 그림(이야기 상징),⑧ 장 2 bremen의 상징 물건 — 북,88x88 SVG,sort,이모지(임시),"북, story symbol of bremen, flat pastel vector icon, uniform warm-brown #6b5443 outline, no text, no characters, simple readable at 44px"
2,sort:sym:1:1,정리 물건 그림(이야기 상징),⑧ 장 2 bremen의 상징 물건 — 나팔,88x88 SVG,sort,이모지(임시),"나팔, story symbol of bremen, flat pastel vector icon, uniform warm-brown #6b5443 outline, no text, no characters, simple readable at 44px"
2,sort:sym:1:2,정리 물건 그림(이야기 상징),⑧ 장 2 bremen의 상징 물건 — 바이올린,88x88 SVG,sort,이모지(임시),"바이올린, story symbol of bremen, flat pastel vector icon, uniform warm-brown #6b5443 outline, no text, no characters, simple readable at 44px"
2,sort:sym:2:0,정리 물건 그림(이야기 상징),⑧ 장 3 gyeonwoo의 상징 물건 — 까치,88x88 SVG,sort,이모지(임시),"까치, story symbol of gyeonwoo, flat pastel vector icon, uniform warm-brown #6b5443 outline, no text, no characters, simple readable at 44px"
2,sort:sym:2:1,정리 물건 그림(이야기 상징),⑧ 장 3 gyeonwoo의 상징 물건 — 칠석,88x88 SVG,sort,이모지(임시),"칠석, story symbol of gyeonwoo, flat pastel vector icon, uniform warm-brown #6b5443 outline, no text, no characters, simple readable at 44px"
2,sort:sym:2:2,정리 물건 그림(이야기 상징),⑧ 장 3 gyeonwoo의 상징 물건 — 은하수,88x88 SVG,sort,이모지(임시),"은하수, story symbol of gyeonwoo, flat pastel vector icon, uniform warm-brown #6b5443 outline, no text, no characters, simple readable at 44px"
2,sort:sym:3:0,정리 물건 그림(이야기 상징),⑧ 장 4 bears의 상징 물건 — 수프,88x88 SVG,sort,이모지(임시),"수프, story symbol of bears, flat pastel vector icon, uniform warm-brown #6b5443 outline, no text, no characters, simple readable at 44px"
2,sort:sym:3:1,정리 물건 그림(이야기 상징),⑧ 장 4 bears의 상징 물건 — 의자,88x88 SVG,sort,이모지(임시),"의자, story symbol of bears, flat pastel vector icon, uniform warm-brown #6b5443 outline, no text, no characters, simple readable at 44px"
2,sort:sym:3:2,정리 물건 그림(이야기 상징),⑧ 장 4 bears의 상징 물건 — 침대,88x88 SVG,sort,이모지(임시),"침대, story symbol of bears, flat pastel vector icon, uniform warm-brown #6b5443 outline, no text, no characters, simple readable at 44px"
2,sort:sym:4:0,정리 물건 그림(이야기 상징),⑧ 장 5 jack의 상징 물건 — 콩,88x88 SVG,sort,이모지(임시),"콩, story symbol of jack, flat pastel vector icon, uniform warm-brown #6b5443 outline, no text, no characters, simple readable at 44px"
2,sort:sym:4:1,정리 물건 그림(이야기 상징),⑧ 장 5 jack의 상징 물건 — 황금알,88x88 SVG,sort,이모지(임시),"황금알, story symbol of jack, flat pastel vector icon, uniform warm-brown #6b5443 outline, no text, no characters, simple readable at 44px"
2,sort:sym:4:2,정리 물건 그림(이야기 상징),⑧ 장 5 jack의 상징 물건 — 사다리,88x88 SVG,sort,이모지(임시),"사다리, story symbol of jack, flat pastel vector icon, uniform warm-brown #6b5443 outline, no text, no characters, simple readable at 44px"
2,sort:sym:5:0,정리 물건 그림(이야기 상징),⑧ 장 6 kongjwi의 상징 물건 — 꽃신,88x88 SVG,sort,이모지(임시),"꽃신, story symbol of kongjwi, flat pastel vector icon, uniform warm-brown #6b5443 outline, no text, no characters, simple readable at 44px"
2,sort:sym:5:1,정리 물건 그림(이야기 상징),⑧ 장 6 kongjwi의 상징 물건 — 두꺼비,88x88 SVG,sort,이모지(임시),"두꺼비, story symbol of kongjwi, flat pastel vector icon, uniform warm-brown #6b5443 outline, no text, no characters, simple readable at 44px"
2,sort:sym:5:2,정리 물건 그림(이야기 상징),⑧ 장 6 kongjwi의 상징 물건 — 독,88x88 SVG,sort,이모지(임시),"독, story symbol of kongjwi, flat pastel vector icon, uniform warm-brown #6b5443 outline, no text, no characters, simple readable at 44px"
2,sort:sym:6:0,정리 물건 그림(이야기 상징),⑧ 장 7 heungbu의 상징 물건 — 박,88x88 SVG,sort,이모지(임시),"박, story symbol of heungbu, flat pastel vector icon, uniform warm-brown #6b5443 outline, no text, no characters, simple readable at 44px"
2,sort:sym:6:1,정리 물건 그림(이야기 상징),⑧ 장 7 heungbu의 상징 물건 — 제비,88x88 SVG,sort,이모지(임시),"제비, story symbol of heungbu, flat pastel vector icon, uniform warm-brown #6b5443 outline, no text, no characters, simple readable at 44px"
2,sort:sym:6:2,정리 물건 그림(이야기 상징),⑧ 장 7 heungbu의 상징 물건 — 볏단,88x88 SVG,sort,이모지(임시),"볏단, story symbol of heungbu, flat pastel vector icon, uniform warm-brown #6b5443 outline, no text, no characters, simple readable at 44px"
2,sort:sym:7:0,정리 물건 그림(이야기 상징),⑧ 장 8 ureng의 상징 물건 — 우렁,88x88 SVG,sort,이모지(임시),"우렁, story symbol of ureng, flat pastel vector icon, uniform warm-brown #6b5443 outline, no text, no characters, simple readable at 44px"
2,sort:sym:7:1,정리 물건 그림(이야기 상징),⑧ 장 8 ureng의 상징 물건 — 밥,88x88 SVG,sort,이모지(임시),"밥, story symbol of ureng, flat pastel vector icon, uniform warm-brown #6b5443 outline, no text, no characters, simple readable at 44px"
2,sort:sym:7:2,정리 물건 그림(이야기 상징),⑧ 장 8 ureng의 상징 물건 — 항아리,88x88 SVG,sort,이모지(임시),"항아리, story symbol of ureng, flat pastel vector icon, uniform warm-brown #6b5443 outline, no text, no characters, simple readable at 44px"
2,sort:sym:8:0,정리 물건 그림(이야기 상징),⑧ 장 9 axe의 상징 물건 — 금도끼,88x88 SVG,sort,이모지(임시),"금도끼, story symbol of axe, flat pastel vector icon, uniform warm-brown #6b5443 outline, no text, no characters, simple readable at 44px"
2,sort:sym:8:1,정리 물건 그림(이야기 상징),⑧ 장 9 axe의 상징 물건 — 은도끼,88x88 SVG,sort,이모지(임시),"은도끼, story symbol of axe, flat pastel vector icon, uniform warm-brown #6b5443 outline, no text, no characters, simple readable at 44px"
2,sort:sym:8:2,정리 물건 그림(이야기 상징),⑧ 장 9 axe의 상징 물건 — 쇠도끼,88x88 SVG,sort,이모지(임시),"쇠도끼, story symbol of axe, flat pastel vector icon, uniform warm-brown #6b5443 outline, no text, no characters, simple readable at 44px"
2,sort:sym:9:0,정리 물건 그림(이야기 상징),⑧ 장 10 ant의 상징 물건 — 곡식,88x88 SVG,sort,이모지(임시),"곡식, story symbol of ant, flat pastel vector icon, uniform warm-brown #6b5443 outline, no text, no characters, simple readable at 44px"
2,sort:sym:9:1,정리 물건 그림(이야기 상징),⑧ 장 10 ant의 상징 물건 — 곳간,88x88 SVG,sort,이모지(임시),"곳간, story symbol of ant, flat pastel vector icon, uniform warm-brown #6b5443 outline, no text, no characters, simple readable at 44px"
2,sort:sym:9:2,정리 물건 그림(이야기 상징),⑧ 장 10 ant의 상징 물건 — 노래,88x88 SVG,sort,이모지(임시),"노래, story symbol of ant, flat pastel vector icon, uniform warm-brown #6b5443 outline, no text, no characters, simple readable at 44px"
2,sort:sym:10:0,정리 물건 그림(이야기 상징),⑧ 장 11 sun의 상징 물건 — 달,88x88 SVG,sort,이모지(임시),"달, story symbol of sun, flat pastel vector icon, uniform warm-brown #6b5443 outline, no text, no characters, simple readable at 44px"
2,sort:sym:10:1,정리 물건 그림(이야기 상징),⑧ 장 11 sun의 상징 물건 — 해,88x88 SVG,sort,이모지(임시),"해, story symbol of sun, flat pastel vector icon, uniform warm-brown #6b5443 outline, no text, no characters, simple readable at 44px"
2,sort:sym:10:2,정리 물건 그림(이야기 상징),⑧ 장 11 sun의 상징 물건 — 동아줄,88x88 SVG,sort,이모지(임시),"동아줄, story symbol of sun, flat pastel vector icon, uniform warm-brown #6b5443 outline, no text, no characters, simple readable at 44px"
2,sort:sym:11:0,정리 물건 그림(이야기 상징),⑧ 장 12 hare의 상징 물건 — 당근,88x88 SVG,sort,이모지(임시),"당근, story symbol of hare, flat pastel vector icon, uniform warm-brown #6b5443 outline, no text, no characters, simple readable at 44px"
2,sort:sym:11:1,정리 물건 그림(이야기 상징),⑧ 장 12 hare의 상징 물건 — 결승선,88x88 SVG,sort,이모지(임시),"결승선, story symbol of hare, flat pastel vector icon, uniform warm-brown #6b5443 outline, no text, no characters, simple readable at 44px"
2,sort:sym:11:2,정리 물건 그림(이야기 상징),⑧ 장 12 hare의 상징 물건 — 거북이,88x88 SVG,sort,이모지(임시),"거북이, story symbol of hare, flat pastel vector icon, uniform warm-brown #6b5443 outline, no text, no characters, simple readable at 44px"
2,sort:face:0,정리 물건 그림(가족 얼굴),⑧ 세 가족 정리 판의 얼굴 — 네모 아빠,88x88 PNG,sort,캐릭터 PNG 얼굴 크롭,(캐릭터 시트 얼굴 정사각 크롭)
2,sort:face:1,정리 물건 그림(가족 얼굴),⑧ 세 가족 정리 판의 얼굴 — 네모 엄마,88x88 PNG,sort,캐릭터 PNG 얼굴 크롭,(캐릭터 시트 얼굴 정사각 크롭)
2,sort:face:2,정리 물건 그림(가족 얼굴),⑧ 세 가족 정리 판의 얼굴 — 세모 남편,88x88 PNG,sort,캐릭터 PNG 얼굴 크롭,(캐릭터 시트 얼굴 정사각 크롭)
2,sort:face:3,정리 물건 그림(가족 얼굴),⑧ 세 가족 정리 판의 얼굴 — 세모 아내,88x88 PNG,sort,캐릭터 PNG 얼굴 크롭,(캐릭터 시트 얼굴 정사각 크롭)
2,sort:face:4,정리 물건 그림(가족 얼굴),⑧ 세 가족 정리 판의 얼굴 — 동그라미 아빠,88x88 PNG,sort,캐릭터 PNG 얼굴 크롭,(캐릭터 시트 얼굴 정사각 크롭)
2,sort:face:5,정리 물건 그림(가족 얼굴),⑧ 세 가족 정리 판의 얼굴 — 막둥이,88x88 PNG,sort,캐릭터 PNG 얼굴 크롭,(캐릭터 시트 얼굴 정사각 크롭)
2,sort:tube,게임 UI,"⑧ 물건을 담는 투명한 칸(보통·선택·정리 완료·잠김 4상태, 위가 열린 둥근 통)",64x220 SVG,sort,코드 CSS(임시),(아트 패스 때 유리병/서랍 일러스트로 교체)
2,day:scene:brush,장면 아이콘(하루 길),⑩ 1장 아침 양치 — 칫솔,96x96 SVG,day,이모지(임시) 🪥,"칫솔, flat pastel vector icon, uniform warm-brown #6b5443 outline, no text, no characters, simple readable at 56px"
2,day:scene:dress,장면 아이콘(하루 길),⑩ 2장 옷 입기 — 티셔츠,96x96 SVG,day,이모지(임시) 👕,"티셔츠, flat pastel vector icon, uniform warm-brown #6b5443 outline, no text, no characters, simple readable at 56px"
2,day:scene:chew,장면 아이콘(하루 길),⑩ 3장 아침밥 — 밥그릇,96x96 SVG,day,이모지(임시) 🍚,"밥그릇, flat pastel vector icon, uniform warm-brown #6b5443 outline, no text, no characters, simple readable at 56px"
2,day:scene:tidy,장면 아이콘(하루 길),⑩ 4장 장난감 정리 — 곰 인형,96x96 SVG,day,이모지(임시) 🧸,"곰 인형, flat pastel vector icon, uniform warm-brown #6b5443 outline, no text, no characters, simple readable at 56px"
2,day:scene:sleep,장면 아이콘(하루 길),⑩ 5장 잠자리 — 달,96x96 SVG,day,이모지(임시) 🌙,"달, flat pastel vector icon, uniform warm-brown #6b5443 outline, no text, no characters, simple readable at 56px"
2,day:brush,놀이 그림,"⑩ 양치: 칫솔(핑크, 손잡이 굵게)",96x96 SVG,day,이모지(임시) 🪥,"칫솔(핑크, 손잡이 굵게), flat pastel vector icon, uniform warm-brown #6b5443 outline, no text, no characters, simple readable at 56px"
2,day:spot,놀이 그림,"⑩ 양치: 이 얼룩(갈색 둥근 얼룩, 지우면 반짝 효과 별도)",96x96 SVG,day,코드 CSS,"이 얼룩(갈색 둥근 얼룩, 지우면 반짝 효과 별도), flat pastel vector icon, uniform warm-brown #6b5443 outline, no text, no characters, simple readable at 56px"
2,day:mouth,놀이 그림,⑩ 양치: 크게 벌린 입(흰 이 + 분홍 잇몸),96x96 SVG,day,코드 CSS,"크게 벌린 입(흰 이 + 분홍 잇몸), flat pastel vector icon, uniform warm-brown #6b5443 outline, no text, no characters, simple readable at 56px"
2,day:cloth:cap,놀이 그림,⑩ 옷 입기: 모자(맑음),96x96 SVG,day,이모지(임시) 🧢,"모자(맑음), flat pastel vector icon, uniform warm-brown #6b5443 outline, no text, no characters, simple readable at 56px"
2,day:cloth:tee,놀이 그림,⑩ 옷 입기: 반팔(맑음),96x96 SVG,day,이모지(임시) 👕,"반팔(맑음), flat pastel vector icon, uniform warm-brown #6b5443 outline, no text, no characters, simple readable at 56px"
2,day:cloth:sandal,놀이 그림,⑩ 옷 입기: 샌들(맑음),96x96 SVG,day,이모지(임시) 🩴,"샌들(맑음), flat pastel vector icon, uniform warm-brown #6b5443 outline, no text, no characters, simple readable at 56px"
2,day:cloth:scarf,놀이 그림,⑩ 옷 입기: 목도리(추움),96x96 SVG,day,이모지(임시) 🧣,"목도리(추움), flat pastel vector icon, uniform warm-brown #6b5443 outline, no text, no characters, simple readable at 56px"
2,day:cloth:coat,놀이 그림,⑩ 옷 입기: 외투(추움·비),96x96 SVG,day,이모지(임시) 🧥,"외투(추움·비), flat pastel vector icon, uniform warm-brown #6b5443 outline, no text, no characters, simple readable at 56px"
2,day:cloth:socks,놀이 그림,⑩ 옷 입기: 양말(추움),96x96 SVG,day,이모지(임시) 🧦,"양말(추움), flat pastel vector icon, uniform warm-brown #6b5443 outline, no text, no characters, simple readable at 56px"
2,day:cloth:umbrella,놀이 그림,⑩ 옷 입기: 우산(비),96x96 SVG,day,이모지(임시) ☂️,"우산(비), flat pastel vector icon, uniform warm-brown #6b5443 outline, no text, no characters, simple readable at 56px"
2,day:cloth:boots,놀이 그림,⑩ 옷 입기: 장화(비),96x96 SVG,day,이모지(임시) 🥾,"장화(비), flat pastel vector icon, uniform warm-brown #6b5443 outline, no text, no characters, simple readable at 56px"
2,day:weather:sun,놀이 그림,⑩ 옷 입기: 맑음 표시,96x96 SVG,day,이모지(임시) ☀️,"맑음 표시, flat pastel vector icon, uniform warm-brown #6b5443 outline, no text, no characters, simple readable at 56px"
2,day:weather:cold,놀이 그림,⑩ 옷 입기: 추움 표시,96x96 SVG,day,이모지(임시) ❄️,"추움 표시, flat pastel vector icon, uniform warm-brown #6b5443 outline, no text, no characters, simple readable at 56px"
2,day:weather:rain,놀이 그림,⑩ 옷 입기: 비 표시,96x96 SVG,day,이모지(임시) 🌧️,"비 표시, flat pastel vector icon, uniform warm-brown #6b5443 outline, no text, no characters, simple readable at 56px"
2,day:food:rice,놀이 그림,⑩ 아침밥: 밥,96x96 SVG,day,이모지(임시) 🍚,"밥, flat pastel vector icon, uniform warm-brown #6b5443 outline, no text, no characters, simple readable at 56px"
2,day:food:carrot,놀이 그림,⑩ 아침밥: 당근,96x96 SVG,day,이모지(임시) 🥕,"당근, flat pastel vector icon, uniform warm-brown #6b5443 outline, no text, no characters, simple readable at 56px"
2,day:food:apple,놀이 그림,⑩ 아침밥: 사과,96x96 SVG,day,이모지(임시) 🍎,"사과, flat pastel vector icon, uniform warm-brown #6b5443 outline, no text, no characters, simple readable at 56px"
2,day:food:broccoli,놀이 그림,⑩ 아침밥: 브로콜리,96x96 SVG,day,이모지(임시) 🥦,"브로콜리, flat pastel vector icon, uniform warm-brown #6b5443 outline, no text, no characters, simple readable at 56px"
2,day:food:banana,놀이 그림,⑩ 아침밥: 바나나,96x96 SVG,day,이모지(임시) 🍌,"바나나, flat pastel vector icon, uniform warm-brown #6b5443 outline, no text, no characters, simple readable at 56px"
2,day:spoon,놀이 그림,⑩ 아침밥: 숟가락 버튼,96x96 SVG,day,이모지(임시) 🥄,"숟가락 버튼, flat pastel vector icon, uniform warm-brown #6b5443 outline, no text, no characters, simple readable at 56px"
2,day:turtle,놀이 그림,⑩ 아침밥: 기다려 주는 거북이,96x96 SVG,day,이모지(임시) 🐢,"기다려 주는 거북이, flat pastel vector icon, uniform warm-brown #6b5443 outline, no text, no characters, simple readable at 56px"
2,day:toy:ball,놀이 그림,⑩ 장난감 정리: 공,96x96 SVG,day,이모지(임시) ⚽,"공, flat pastel vector icon, uniform warm-brown #6b5443 outline, no text, no characters, simple readable at 56px"
2,day:toy:car,놀이 그림,⑩ 장난감 정리: 자동차,96x96 SVG,day,이모지(임시) 🚗,"자동차, flat pastel vector icon, uniform warm-brown #6b5443 outline, no text, no characters, simple readable at 56px"
2,day:toy:block,놀이 그림,⑩ 장난감 정리: 블록,96x96 SVG,day,이모지(임시) 🧱,"블록, flat pastel vector icon, uniform warm-brown #6b5443 outline, no text, no characters, simple readable at 56px"
2,day:toy:bear,놀이 그림,⑩ 장난감 정리: 곰 인형,96x96 SVG,day,이모지(임시) 🧸,"곰 인형, flat pastel vector icon, uniform warm-brown #6b5443 outline, no text, no characters, simple readable at 56px"
2,day:box,놀이 그림,⑩ 장난감 정리: 상자(종류 그림이 앞에),96x96 SVG,day,코드 CSS,"상자(종류 그림이 앞에), flat pastel vector icon, uniform warm-brown #6b5443 outline, no text, no characters, simple readable at 56px"
2,day:light,놀이 그림,⑩ 잠자리: 불(켜짐/꺼짐 2상태),96x96 SVG,day,이모지(임시) 💡,"불(켜짐/꺼짐 2상태), flat pastel vector icon, uniform warm-brown #6b5443 outline, no text, no characters, simple readable at 56px"
2,day:moon,놀이 그림,⑩ 잠자리: 달,96x96 SVG,day,이모지(임시) 🌙,"달, flat pastel vector icon, uniform warm-brown #6b5443 outline, no text, no characters, simple readable at 56px"
2,day:blanket,놀이 그림,⑩ 잠자리: 줄무늬 이불,96x96 SVG,day,코드 CSS,"줄무늬 이불, flat pastel vector icon, uniform warm-brown #6b5443 outline, no text, no characters, simple readable at 56px"
2,day:scene:hands,장면 아이콘(하루 길),⑩ 6장 손 씻기 — 비누,96x96 SVG,day,이모지(임시) 🧼,"비누, flat pastel vector icon, uniform warm-brown #6b5443 outline, no text, no characters, simple readable at 56px"
2,day:scene:face,장면 아이콘(하루 길),⑩ 7장 세수 — 수건,96x96 SVG,day,이모지(임시) 🧽,"수건, flat pastel vector icon, uniform warm-brown #6b5443 outline, no text, no characters, simple readable at 56px"
2,day:scene:shoes,장면 아이콘(하루 길),⑩ 8장 신발 정리 — 운동화,96x96 SVG,day,이모지(임시) 👟,"운동화, flat pastel vector icon, uniform warm-brown #6b5443 outline, no text, no characters, simple readable at 56px"
2,day:scene:snack,장면 아이콘(하루 길),⑩ 9장 간식 — 쿠키,96x96 SVG,day,이모지(임시) 🍪,"쿠키, flat pastel vector icon, uniform warm-brown #6b5443 outline, no text, no characters, simple readable at 56px"
2,day:scene:bath,장면 아이콘(하루 길),⑩ 10장 목욕 — 욕조,96x96 SVG,day,이모지(임시) 🛁,"욕조, flat pastel vector icon, uniform warm-brown #6b5443 outline, no text, no characters, simple readable at 56px"
2,day:scene:books,장면 아이콘(하루 길),⑩ 11장 책 정리 — 책,96x96 SVG,day,이모지(임시) 📚,"책, flat pastel vector icon, uniform warm-brown #6b5443 outline, no text, no characters, simple readable at 56px"
2,day:scene:night,장면 아이콘(하루 길),⑩ 12장 잘 자요 — 별,96x96 SVG,day,이모지(임시) ⭐,"별, flat pastel vector icon, uniform warm-brown #6b5443 outline, no text, no characters, simple readable at 56px"
2,day:hands,놀이 그림,⑩ 손 씻기: 두 손바닥 + 비누 얼룩 자리 8곳,96x96 SVG,day,코드 SVG,"두 손바닥 + 비누 얼룩 자리 8곳, flat pastel vector icon, uniform warm-brown #6b5443 outline, no text, no characters, simple readable at 56px"
2,day:face,놀이 그림,⑩ 세수: 막둥이 얼굴 + 얼룩 자리 8곳,96x96 SVG,day,코드 SVG,"막둥이 얼굴 + 얼룩 자리 8곳, flat pastel vector icon, uniform warm-brown #6b5443 outline, no text, no characters, simple readable at 56px"
2,day:bath,놀이 그림,⑩ 목욕: 막둥이 몸 + 욕조 + 비누 거품,96x96 SVG,day,코드 SVG,"막둥이 몸 + 욕조 + 비누 거품, flat pastel vector icon, uniform warm-brown #6b5443 outline, no text, no characters, simple readable at 56px"
2,day:soap,놀이 그림,⑩ 손 씻기 도구: 비누,96x96 SVG,day,이모지(임시) 🧼,"비누, flat pastel vector icon, uniform warm-brown #6b5443 outline, no text, no characters, simple readable at 56px"
2,day:cloth2,놀이 그림,⑩ 세수·목욕 도구: 수건/스펀지,96x96 SVG,day,이모지(임시) 🧽,"수건/스펀지, flat pastel vector icon, uniform warm-brown #6b5443 outline, no text, no characters, simple readable at 56px"
2,day:food:cookie,놀이 그림,⑩ 간식: 쿠키,96x96 SVG,day,이모지(임시) 🍪,"쿠키, flat pastel vector icon, uniform warm-brown #6b5443 outline, no text, no characters, simple readable at 56px"
2,day:food:milk,놀이 그림,⑩ 간식: 우유,96x96 SVG,day,이모지(임시) 🥛,"우유, flat pastel vector icon, uniform warm-brown #6b5443 outline, no text, no characters, simple readable at 56px"
2,day:food:watermelon,놀이 그림,⑩ 간식: 수박,96x96 SVG,day,이모지(임시) 🍉,"수박, flat pastel vector icon, uniform warm-brown #6b5443 outline, no text, no characters, simple readable at 56px"
2,day:food:riceball,놀이 그림,⑩ 간식: 주먹밥,96x96 SVG,day,이모지(임시) 🍙,"주먹밥, flat pastel vector icon, uniform warm-brown #6b5443 outline, no text, no characters, simple readable at 56px"
2,day:food:cheese,놀이 그림,⑩ 간식: 치즈,96x96 SVG,day,이모지(임시) 🧀,"치즈, flat pastel vector icon, uniform warm-brown #6b5443 outline, no text, no characters, simple readable at 56px"
2,day:shoe:sneaker,놀이 그림,⑩ 신발 정리: 운동화,96x96 SVG,day,이모지(임시) 👟,"운동화, flat pastel vector icon, uniform warm-brown #6b5443 outline, no text, no characters, simple readable at 56px"
2,day:shoe:boot,놀이 그림,⑩ 신발 정리: 장화,96x96 SVG,day,이모지(임시) 🥾,"장화, flat pastel vector icon, uniform warm-brown #6b5443 outline, no text, no characters, simple readable at 56px"
2,day:shoe:sandal,놀이 그림,⑩ 신발 정리: 샌들,96x96 SVG,day,이모지(임시) 🩴,"샌들, flat pastel vector icon, uniform warm-brown #6b5443 outline, no text, no characters, simple readable at 56px"
2,day:shoe:dress,놀이 그림,⑩ 신발 정리: 구두,96x96 SVG,day,이모지(임시) 👞,"구두, flat pastel vector icon, uniform warm-brown #6b5443 outline, no text, no characters, simple readable at 56px"
2,day:book:red,놀이 그림,⑩ 책 정리: 빨간 책,96x96 SVG,day,이모지(임시) 📕,"빨간 책, flat pastel vector icon, uniform warm-brown #6b5443 outline, no text, no characters, simple readable at 56px"
2,day:book:green,놀이 그림,⑩ 책 정리: 초록 책,96x96 SVG,day,이모지(임시) 📗,"초록 책, flat pastel vector icon, uniform warm-brown #6b5443 outline, no text, no characters, simple readable at 56px"
2,day:book:blue,놀이 그림,⑩ 책 정리: 파란 책,96x96 SVG,day,이모지(임시) 📘,"파란 책, flat pastel vector icon, uniform warm-brown #6b5443 outline, no text, no characters, simple readable at 56px"
2,day:book:orange,놀이 그림,⑩ 책 정리: 주황 책,96x96 SVG,day,이모지(임시) 📙,"주황 책, flat pastel vector icon, uniform warm-brown #6b5443 outline, no text, no characters, simple readable at 56px"
2,map-ui:sky,지도 UI,이야기 지도 지도 하늘 띠 (슬롯 map.sky),360x90,all,코드(임시),"soft sky strip 360x90, flat pastel vector illustration, uniform warm-brown #6b5443 outline, no text"
2,map-ui:node,지도 UI,이야기 지도 판 노드 (슬롯 map.node),160x160,all,코드(임시),"round level button, plain, flat pastel vector illustration, uniform warm-brown #6b5443 outline, no text"
2,map-ui:node_lock,지도 UI,이야기 지도 잠긴 판 노드 (슬롯 map.node_lock),160x160,all,코드(임시),"round level button, grey, locked, flat pastel vector illustration, uniform warm-brown #6b5443 outline, no text"
2,map-ui:chest,지도 UI,이야기 지도 구역 상자(닫힘) (슬롯 map.chest),160x160,all,코드(임시),"small treasure chest closed, flat pastel vector illustration, uniform warm-brown #6b5443 outline, no text"
2,map-ui:chest_open,지도 UI,이야기 지도 구역 상자(열림) (슬롯 map.chest_open),160x160,all,코드(임시),"small treasure chest open with sparkles, flat pastel vector illustration, uniform warm-brown #6b5443 outline, no text"
3,item:b_sofa,집 가구,공유 룸 아이템 · build 세트,384x224 SVG,merge,코드 SVG,"도형 블록 소파, front view furniture made of simple geometric shapes (square/triangle/circle), transparent background; flat pastel vector illustration, uniform warm-brown #6b5443 outline, no gradients, no text, no characters, rounded kid-friendly shapes"
3,item:b_shelf,집 가구,공유 룸 아이템 · build 세트,240x368 SVG,merge,코드 SVG,"세모 지붕 책장, front view furniture made of simple geometric shapes (square/triangle/circle), transparent background; flat pastel vector illustration, uniform warm-brown #6b5443 outline, no gradients, no text, no characters, rounded kid-friendly shapes"
3,item:b_window,집 가구,공유 룸 아이템 · build 세트,224x256 SVG,merge,코드 SVG,"동그라미 창문, front view furniture made of simple geometric shapes (square/triangle/circle), transparent background; flat pastel vector illustration, uniform warm-brown #6b5443 outline, no gradients, no text, no characters, rounded kid-friendly shapes"
3,item:b_table,집 가구,공유 룸 아이템 · build 세트,336x200 SVG,merge,코드 SVG,"네모 식탁, front view furniture made of simple geometric shapes (square/triangle/circle), transparent background; flat pastel vector illustration, uniform warm-brown #6b5443 outline, no gradients, no text, no characters, rounded kid-friendly shapes"
3,item:b_lamp,집 가구,공유 룸 아이템 · build 세트,120x280 SVG,merge,코드 SVG,"세모 램프, front view furniture made of simple geometric shapes (square/triangle/circle), transparent background; flat pastel vector illustration, uniform warm-brown #6b5443 outline, no gradients, no text, no characters, rounded kid-friendly shapes"
3,item:b_rug,집 가구,공유 룸 아이템 · build 세트,440x136 SVG,merge,코드 SVG,"동그라미 러그, front view furniture made of simple geometric shapes (square/triangle/circle), transparent background; flat pastel vector illustration, uniform warm-brown #6b5443 outline, no gradients, no text, no characters, rounded kid-friendly shapes"
3,item:b_tv,집 가구,공유 룸 아이템 · build 세트,304x224 SVG,merge,코드 SVG,"네모 TV장, front view furniture made of simple geometric shapes (square/triangle/circle), transparent background; flat pastel vector illustration, uniform warm-brown #6b5443 outline, no gradients, no text, no characters, rounded kid-friendly shapes"
3,item:b_plant,집 가구,공유 룸 아이템 · build 세트,144x232 SVG,merge,코드 SVG,"세모 화분, front view furniture made of simple geometric shapes (square/triangle/circle), transparent background; flat pastel vector illustration, uniform warm-brown #6b5443 outline, no gradients, no text, no characters, rounded kid-friendly shapes"
3,item:b_clock,집 가구,공유 룸 아이템 · build 세트,176x176 SVG,merge,코드 SVG,"동그라미 벽시계, front view furniture made of simple geometric shapes (square/triangle/circle), transparent background; flat pastel vector illustration, uniform warm-brown #6b5443 outline, no gradients, no text, no characters, rounded kid-friendly shapes"
3,item:b_bed,집 가구,공유 룸 아이템 · build 세트,384x224 SVG,merge,코드 SVG,"네모 침대, front view furniture made of simple geometric shapes (square/triangle/circle), transparent background; flat pastel vector illustration, uniform warm-brown #6b5443 outline, no gradients, no text, no characters, rounded kid-friendly shapes"
3,item:k_train,집 가구,공유 룸 아이템 · kid 세트,360x160 SVG,playground,코드 SVG,"기차 장난감, front view furniture made of simple geometric shapes (square/triangle/circle), transparent background; flat pastel vector illustration, uniform warm-brown #6b5443 outline, no gradients, no text, no characters, rounded kid-friendly shapes"
3,item:k_party,집 가구,공유 룸 아이템 · kid 세트,280x248 SVG,playground,코드 SVG,"잔칫집 미니어처, front view furniture made of simple geometric shapes (square/triangle/circle), transparent background; flat pastel vector illustration, uniform warm-brown #6b5443 outline, no gradients, no text, no characters, rounded kid-friendly shapes"
3,item:w_frame,집 가구,공유 룸 아이템 · wall 세트,208x240 SVG,coloring,코드 SVG,"그림 액자, front view furniture made of simple geometric shapes (square/triangle/circle), transparent background; flat pastel vector illustration, uniform warm-brown #6b5443 outline, no gradients, no text, no characters, rounded kid-friendly shapes"
3,item:t_bowl,집 가구,공유 룸 아이템 · kitchen 세트,160x104 SVG,tables,코드 SVG,"밥그릇, front view furniture made of simple geometric shapes (square/triangle/circle), transparent background; flat pastel vector illustration, uniform warm-brown #6b5443 outline, no gradients, no text, no characters, rounded kid-friendly shapes"
3,item:n_plate,집 가구,공유 룸 아이템 · badge 세트,240x120 SVG,quiz,코드 SVG,"도형 문패, front view furniture made of simple geometric shapes (square/triangle/circle), transparent background; flat pastel vector illustration, uniform warm-brown #6b5443 outline, no gradients, no text, no characters, rounded kid-friendly shapes"
3,item:s_tree,집 가구,공유 룸 아이템 · season 세트,176x280 SVG,all,코드 SVG,"연말 트리, front view furniture made of simple geometric shapes (square/triangle/circle), transparent background; flat pastel vector illustration, uniform warm-brown #6b5443 outline, no gradients, no text, no characters, rounded kid-friendly shapes"
3,item:b_drawer,집 가구,공유 룸 아이템 · build 세트,256x224 SVG,merge,코드 SVG,"네모 서랍장, front view furniture made of simple geometric shapes, transparent background; flat pastel vector illustration, uniform warm-brown #6b5443 outline, no gradients, no text, no characters, rounded kid-friendly shapes"
3,item:b_suitcase,집 가구,공유 룸 아이템 · build 세트,200x192 SVG,merge,코드 SVG,"세모 여행 가방, front view furniture made of simple geometric shapes, transparent background; flat pastel vector illustration, uniform warm-brown #6b5443 outline, no gradients, no text, no characters, rounded kid-friendly shapes"
3,item:b_globe,집 가구,공유 룸 아이템 · build 세트,160x224 SVG,merge,코드 SVG,"동그라미 지구본, front view furniture made of simple geometric shapes, transparent background; flat pastel vector illustration, uniform warm-brown #6b5443 outline, no gradients, no text, no characters, rounded kid-friendly shapes"
3,item:b_nemo_living,집 가구,공유 룸 아이템 · build 세트,600x336 SVG,merge,코드 SVG,"네모네 거실 한 벌, front view furniture made of simple geometric shapes, transparent background; flat pastel vector illustration, uniform warm-brown #6b5443 outline, no gradients, no text, no characters, rounded kid-friendly shapes"
3,item:b_semo_home,집 가구,공유 룸 아이템 · build 세트,600x336 SVG,merge,코드 SVG,"세모네 신혼집 한 벌, front view furniture made of simple geometric shapes, transparent background; flat pastel vector illustration, uniform warm-brown #6b5443 outline, no gradients, no text, no characters, rounded kid-friendly shapes"
3,item:b_dong_study,집 가구,공유 룸 아이템 · build 세트,600x336 SVG,merge,코드 SVG,"동그라미네 서재 한 벌, front view furniture made of simple geometric shapes, transparent background; flat pastel vector illustration, uniform warm-brown #6b5443 outline, no gradients, no text, no characters, rounded kid-friendly shapes"
3,item:p_mix,집 아이템,공유 룸 · kitchen 세트,136x136 SVG,tables,이모지(임시),"믹스커피, everyday object, single object centered; flat pastel vector illustration, uniform warm-brown #6b5443 outline, no gradients, no text, no characters, rounded kid-friendly shapes"
3,item:p_lunch,집 아이템,공유 룸 · kitchen 세트,136x136 SVG,tables,이모지(임시),"도시락, everyday object, single object centered; flat pastel vector illustration, uniform warm-brown #6b5443 outline, no gradients, no text, no characters, rounded kid-friendly shapes"
3,item:p_rice,집 아이템,공유 룸 · kitchen 세트,136x136 SVG,tables,이모지(임시),"밥솥, everyday object, single object centered; flat pastel vector illustration, uniform warm-brown #6b5443 outline, no gradients, no text, no characters, rounded kid-friendly shapes"
3,item:p_remote,집 아이템,공유 룸 · kitchen 세트,136x136 SVG,tables,이모지(임시),"에어컨 리모컨, everyday object, single object centered; flat pastel vector illustration, uniform warm-brown #6b5443 outline, no gradients, no text, no characters, rounded kid-friendly shapes"
3,item:p_points,집 아이템,공유 룸 · kitchen 세트,136x136 SVG,tables,이모지(임시),"영수증, everyday object, single object centered; flat pastel vector illustration, uniform warm-brown #6b5443 outline, no gradients, no text, no characters, rounded kid-friendly shapes"
3,item:p_glass,집 아이템,공유 룸 · kitchen 세트,136x136 SVG,tables,이모지(임시),"돋보기, everyday object, single object centered; flat pastel vector illustration, uniform warm-brown #6b5443 outline, no gradients, no text, no characters, rounded kid-friendly shapes"
3,item:p_kimchi,집 아이템,공유 룸 · kitchen 세트,136x136 SVG,tables,이모지(임시),"김장 김치, everyday object, single object centered; flat pastel vector illustration, uniform warm-brown #6b5443 outline, no gradients, no text, no characters, rounded kid-friendly shapes"
3,item:p_pill,집 아이템,공유 룸 · kitchen 세트,136x136 SVG,tables,이모지(임시),"혈압약 통, everyday object, single object centered; flat pastel vector illustration, uniform warm-brown #6b5443 outline, no gradients, no text, no characters, rounded kid-friendly shapes"
3,item:p_photo,집 아이템,공유 룸 · kitchen 세트,136x136 SVG,tables,이모지(임시),"가족사진, everyday object, single object centered; flat pastel vector illustration, uniform warm-brown #6b5443 outline, no gradients, no text, no characters, rounded kid-friendly shapes"
3,item:p_pack1,집 아이템,공유 룸 · kitchen 세트,136x136 SVG,tables,이모지(임시),"꽃무늬 식탁보, everyday object, single object centered; flat pastel vector illustration, uniform warm-brown #6b5443 outline, no gradients, no text, no characters, rounded kid-friendly shapes"
3,item:p_tea,집 아이템,공유 룸 · kitchen 세트,136x136 SVG,tables,이모지(임시),"온천 찻잔, everyday object, single object centered; flat pastel vector illustration, uniform warm-brown #6b5443 outline, no gradients, no text, no characters, rounded kid-friendly shapes"
3,item:p_bagt,집 아이템,공유 룸 · kitchen 세트,136x136 SVG,tables,이모지(임시),"여행 캐리어, everyday object, single object centered; flat pastel vector illustration, uniform warm-brown #6b5443 outline, no gradients, no text, no characters, rounded kid-friendly shapes"
3,item:p_pass,집 아이템,공유 룸 · kitchen 세트,136x136 SVG,tables,이모지(임시),"여권, everyday object, single object centered; flat pastel vector illustration, uniform warm-brown #6b5443 outline, no gradients, no text, no characters, rounded kid-friendly shapes"
3,item:p_globe,집 아이템,공유 룸 · kitchen 세트,136x136 SVG,tables,이모지(임시),"지구본, everyday object, single object centered; flat pastel vector illustration, uniform warm-brown #6b5443 outline, no gradients, no text, no characters, rounded kid-friendly shapes"
3,item:p_ramen,집 아이템,공유 룸 · kitchen 세트,136x136 SVG,tables,이모지(임시),"라면, everyday object, single object centered; flat pastel vector illustration, uniform warm-brown #6b5443 outline, no gradients, no text, no characters, rounded kid-friendly shapes"
3,item:p_phone,집 아이템,공유 룸 · kitchen 세트,136x136 SVG,tables,이모지(임시),"읽은 메시지, everyday object, single object centered; flat pastel vector illustration, uniform warm-brown #6b5443 outline, no gradients, no text, no characters, rounded kid-friendly shapes"
3,item:p_world,집 아이템,공유 룸 · kitchen 세트,136x136 SVG,tables,이모지(임시),"세계일주 지도, everyday object, single object centered; flat pastel vector illustration, uniform warm-brown #6b5443 outline, no gradients, no text, no characters, rounded kid-friendly shapes"
3,item:p_pair,집 아이템,공유 룸 · kitchen 세트,136x136 SVG,tables,이모지(임시),"커플 컵, everyday object, single object centered; flat pastel vector illustration, uniform warm-brown #6b5443 outline, no gradients, no text, no characters, rounded kid-friendly shapes"
3,item:p_film,집 아이템,공유 룸 · kitchen 세트,136x136 SVG,tables,이모지(임시),"넷플릭스 리모컨, everyday object, single object centered; flat pastel vector illustration, uniform warm-brown #6b5443 outline, no gradients, no text, no characters, rounded kid-friendly shapes"
3,item:p_pack2,집 아이템,공유 룸 · kitchen 세트,136x136 SVG,tables,이모지(임시),"온천 포인트 카드, everyday object, single object centered; flat pastel vector illustration, uniform warm-brown #6b5443 outline, no gradients, no text, no characters, rounded kid-friendly shapes"
3,item:p_book,집 아이템,공유 룸 · kitchen 세트,136x136 SVG,tables,이모지(임시),"책, everyday object, single object centered; flat pastel vector illustration, uniform warm-brown #6b5443 outline, no gradients, no text, no characters, rounded kid-friendly shapes"
3,item:p_flower,집 아이템,공유 룸 · kitchen 세트,136x136 SVG,tables,이모지(임시),"배달 꽃, everyday object, single object centered; flat pastel vector illustration, uniform warm-brown #6b5443 outline, no gradients, no text, no characters, rounded kid-friendly shapes"
3,item:p_label,집 아이템,공유 룸 · kitchen 세트,136x136 SVG,tables,이모지(임시),"라벨 반찬통, everyday object, single object centered; flat pastel vector illustration, uniform warm-brown #6b5443 outline, no gradients, no text, no characters, rounded kid-friendly shapes"
3,item:p_env,집 아이템,공유 룸 · kitchen 세트,136x136 SVG,tables,이모지(임시),"부의 봉투, everyday object, single object centered; flat pastel vector illustration, uniform warm-brown #6b5443 outline, no gradients, no text, no characters, rounded kid-friendly shapes"
3,item:p_wreath,집 아이템,공유 룸 · kitchen 세트,136x136 SVG,tables,이모지(임시),"화환 리본, everyday object, single object centered; flat pastel vector illustration, uniform warm-brown #6b5443 outline, no gradients, no text, no characters, rounded kid-friendly shapes"
3,item:p_ra,집 아이템,공유 룸 · kitchen 세트,136x136 SVG,tables,이모지(임시),"테니스 라켓, everyday object, single object centered; flat pastel vector illustration, uniform warm-brown #6b5443 outline, no gradients, no text, no characters, rounded kid-friendly shapes"
3,item:p_vio,집 아이템,공유 룸 · kitchen 세트,136x136 SVG,tables,이모지(임시),"바이올린, everyday object, single object centered; flat pastel vector illustration, uniform warm-brown #6b5443 outline, no gradients, no text, no characters, rounded kid-friendly shapes"
3,item:p_chair,집 아이템,공유 룸 · kitchen 세트,136x136 SVG,tables,이모지(임시),"네 번째 의자, everyday object, single object centered; flat pastel vector illustration, uniform warm-brown #6b5443 outline, no gradients, no text, no characters, rounded kid-friendly shapes"
3,item:p_clock,집 아이템,공유 룸 · kitchen 세트,136x136 SVG,tables,이모지(임시),"벽시계, everyday object, single object centered; flat pastel vector illustration, uniform warm-brown #6b5443 outline, no gradients, no text, no characters, rounded kid-friendly shapes"
3,item:p_pack3,집 아이템,공유 룸 · kitchen 세트,136x136 SVG,tables,이모지(임시),"황금 식기, everyday object, single object centered; flat pastel vector illustration, uniform warm-brown #6b5443 outline, no gradients, no text, no characters, rounded kid-friendly shapes"
3,item:k_ch3,집 아이템,공유 룸 · kid 세트,160x160 SVG,playground,이모지(임시),"무 인형, everyday object, single object centered; flat pastel vector illustration, uniform warm-brown #6b5443 outline, no gradients, no text, no characters, rounded kid-friendly shapes"
3,item:k_ch4,집 아이템,공유 룸 · kid 세트,160x160 SVG,playground,이모지(임시),"달 램프, everyday object, single object centered; flat pastel vector illustration, uniform warm-brown #6b5443 outline, no gradients, no text, no characters, rounded kid-friendly shapes"
3,item:k_ch5,집 아이템,공유 룸 · kid 세트,160x160 SVG,playground,이모지(임시),"도형 블록, everyday object, single object centered; flat pastel vector illustration, uniform warm-brown #6b5443 outline, no gradients, no text, no characters, rounded kid-friendly shapes"
3,item:k_ch6,집 아이템,공유 룸 · kid 세트,160x160 SVG,playground,이모지(임시),"기차표, everyday object, single object centered; flat pastel vector illustration, uniform warm-brown #6b5443 outline, no gradients, no text, no characters, rounded kid-friendly shapes"
3,item:k_ch7,집 아이템,공유 룸 · kid 세트,160x160 SVG,playground,이모지(임시),"소리 나팔, everyday object, single object centered; flat pastel vector illustration, uniform warm-brown #6b5443 outline, no gradients, no text, no characters, rounded kid-friendly shapes"
3,item:k_ch8,집 아이템,공유 룸 · kid 세트,160x160 SVG,playground,이모지(임시),"밀짚모자 걸이, everyday object, single object centered; flat pastel vector illustration, uniform warm-brown #6b5443 outline, no gradients, no text, no characters, rounded kid-friendly shapes"
3,item:k_ch9,집 아이템,공유 룸 · kid 세트,160x160 SVG,playground,이모지(임시),"기차 레일, everyday object, single object centered; flat pastel vector illustration, uniform warm-brown #6b5443 outline, no gradients, no text, no characters, rounded kid-friendly shapes"
3,item:k_ch10,집 아이템,공유 룸 · kid 세트,160x160 SVG,playground,이모지(임시),"생일 케이크, everyday object, single object centered; flat pastel vector illustration, uniform warm-brown #6b5443 outline, no gradients, no text, no characters, rounded kid-friendly shapes"
3,item:s_songpyeon,집 아이템,공유 룸 · season 세트,152x152 SVG,all,이모지(임시),"송편 접시, single object centered; flat pastel vector illustration, uniform warm-brown #6b5443 outline, no gradients, no text, no characters, rounded shapes"
3,item:s_tteokguk,집 아이템,공유 룸 · season 세트,152x152 SVG,all,이모지(임시),"떡국 한 그릇, single object centered; flat pastel vector illustration, uniform warm-brown #6b5443 outline, no gradients, no text, no characters, rounded shapes"
3,item:s_carnation,집 아이템,공유 룸 · season 세트,152x152 SVG,all,이모지(임시),"카네이션, single object centered; flat pastel vector illustration, uniform warm-brown #6b5443 outline, no gradients, no text, no characters, rounded shapes"
3,item:w_frame_gold,집 아이템,공유 룸 · wall 세트,240x280 SVG,coloring,코드 SVG,"황금 액자, single object centered; flat pastel vector illustration, uniform warm-brown #6b5443 outline, no gradients, no text, no characters, rounded shapes"
3,item:w_frame_pink,집 아이템,공유 룸 · wall 세트,240x280 SVG,coloring,코드 SVG,"분홍 액자, single object centered; flat pastel vector illustration, uniform warm-brown #6b5443 outline, no gradients, no text, no characters, rounded shapes"
3,item:w_garland,집 아이템,공유 룸 · wall 세트,160x160 SVG,coloring,이모지(임시),"깃발 줄, single object centered; flat pastel vector illustration, uniform warm-brown #6b5443 outline, no gradients, no text, no characters, rounded shapes"
3,item:w_balloons,집 아이템,공유 룸 · wall 세트,160x160 SVG,coloring,이모지(임시),"풍선, single object centered; flat pastel vector illustration, uniform warm-brown #6b5443 outline, no gradients, no text, no characters, rounded shapes"
3,item:w_stars,집 아이템,공유 룸 · wall 세트,160x160 SVG,coloring,이모지(임시),"별 모빌, single object centered; flat pastel vector illustration, uniform warm-brown #6b5443 outline, no gradients, no text, no characters, rounded shapes"
3,item:w_rainbow,집 아이템,공유 룸 · wall 세트,160x160 SVG,coloring,이모지(임시),"무지개, single object centered; flat pastel vector illustration, uniform warm-brown #6b5443 outline, no gradients, no text, no characters, rounded shapes"
3,item:w_crown,집 아이템,공유 룸 · wall 세트,160x160 SVG,coloring,이모지(임시),"왕관 걸이, single object centered; flat pastel vector illustration, uniform warm-brown #6b5443 outline, no gradients, no text, no characters, rounded shapes"
3,item:q_plate_nemo,집 아이템,공유 룸 · badge 세트,240x120 SVG,quiz,코드 SVG,"네모 문패, single object centered; flat pastel vector illustration, uniform warm-brown #6b5443 outline, no gradients, no text, no characters, rounded shapes"
3,item:q_plate_semo,집 아이템,공유 룸 · badge 세트,240x120 SVG,quiz,코드 SVG,"세모 문패, single object centered; flat pastel vector illustration, uniform warm-brown #6b5443 outline, no gradients, no text, no characters, rounded shapes"
3,item:q_plate_dong,집 아이템,공유 룸 · badge 세트,240x120 SVG,quiz,코드 SVG,"동그라미 문패, single object centered; flat pastel vector illustration, uniform warm-brown #6b5443 outline, no gradients, no text, no characters, rounded shapes"
3,item:q_type_nemo0,집 아이템,공유 룸 · badge 세트,136x136 SVG,quiz,이모지(임시),"네모 아빠형 배지, single object centered; flat pastel vector illustration, uniform warm-brown #6b5443 outline, no gradients, no text, no characters, rounded shapes"
3,item:q_type_nemo1,집 아이템,공유 룸 · badge 세트,136x136 SVG,quiz,이모지(임시),"네모 엄마형 배지, single object centered; flat pastel vector illustration, uniform warm-brown #6b5443 outline, no gradients, no text, no characters, rounded shapes"
3,item:q_type_nemo2,집 아이템,공유 룸 · badge 세트,136x136 SVG,quiz,이모지(임시),"네모 막둥이형 배지, single object centered; flat pastel vector illustration, uniform warm-brown #6b5443 outline, no gradients, no text, no characters, rounded shapes"
3,item:q_type_semo0,집 아이템,공유 룸 · badge 세트,136x136 SVG,quiz,이모지(임시),"세모 남편형 배지, single object centered; flat pastel vector illustration, uniform warm-brown #6b5443 outline, no gradients, no text, no characters, rounded shapes"
3,item:q_type_semo1,집 아이템,공유 룸 · badge 세트,136x136 SVG,quiz,이모지(임시),"세모 아내형 배지, single object centered; flat pastel vector illustration, uniform warm-brown #6b5443 outline, no gradients, no text, no characters, rounded shapes"
3,item:q_type_semo2,집 아이템,공유 룸 · badge 세트,136x136 SVG,quiz,이모지(임시),"세모 화해형 배지, single object centered; flat pastel vector illustration, uniform warm-brown #6b5443 outline, no gradients, no text, no characters, rounded shapes"
3,item:q_type_dong0,집 아이템,공유 룸 · badge 세트,136x136 SVG,quiz,이모지(임시),"동그라미 아빠형 배지, single object centered; flat pastel vector illustration, uniform warm-brown #6b5443 outline, no gradients, no text, no characters, rounded shapes"
3,item:q_type_dong1,집 아이템,공유 룸 · badge 세트,136x136 SVG,quiz,이모지(임시),"동그라미 엄마형 배지, single object centered; flat pastel vector illustration, uniform warm-brown #6b5443 outline, no gradients, no text, no characters, rounded shapes"
3,item:q_type_dong2,집 아이템,공유 룸 · badge 세트,136x136 SVG,quiz,이모지(임시),"동그라미 아들형 배지, single object centered; flat pastel vector illustration, uniform warm-brown #6b5443 outline, no gradients, no text, no characters, rounded shapes"
3,item:q_game_1,집 아이템,공유 룸 · badge 세트,144x144 SVG,quiz,이모지(임시),"반응 트로피, single object centered; flat pastel vector illustration, uniform warm-brown #6b5443 outline, no gradients, no text, no characters, rounded shapes"
3,item:q_game_2,집 아이템,공유 룸 · badge 세트,144x144 SVG,quiz,이모지(임시),"기억 트로피, single object centered; flat pastel vector illustration, uniform warm-brown #6b5443 outline, no gradients, no text, no characters, rounded shapes"
3,item:q_game_3,집 아이템,공유 룸 · badge 세트,144x144 SVG,quiz,이모지(임시),"선택 트로피, single object centered; flat pastel vector illustration, uniform warm-brown #6b5443 outline, no gradients, no text, no characters, rounded shapes"
3,item:q_game_4,집 아이템,공유 룸 · badge 세트,144x144 SVG,quiz,이모지(임시),"그림 트로피, single object centered; flat pastel vector illustration, uniform warm-brown #6b5443 outline, no gradients, no text, no characters, rounded shapes"
3,item:q_game_5,집 아이템,공유 룸 · badge 세트,144x144 SVG,quiz,이모지(임시),"가족 맞히기 트로피, single object centered; flat pastel vector illustration, uniform warm-brown #6b5443 outline, no gradients, no text, no characters, rounded shapes"
3,item:k_ch11,집 아이템,공유 룸 · kid 세트(3권 장 끝 보상),160x160 SVG,playground,이모지(임시) 🌷,"carnation flower pot, everyday object, single object centered; flat pastel vector illustration, uniform warm-brown #6b5443 outline, no gradients, no text, no characters, rounded kid-friendly shapes"
3,item:k_ch12,집 아이템,공유 룸 · kid 세트(3권 장 끝 보상),160x160 SVG,playground,이모지(임시) 🍉,"watermelon-shaped floor cushion, everyday object, single object centered; flat pastel vector illustration, uniform warm-brown #6b5443 outline, no gradients, no text, no characters, rounded kid-friendly shapes"
3,item:k_ch13,집 아이템,공유 룸 · kid 세트(3권 장 끝 보상),160x160 SVG,playground,이모지(임시) 🍁,"autumn maple leaf bookmark, everyday object, single object centered; flat pastel vector illustration, uniform warm-brown #6b5443 outline, no gradients, no text, no characters, rounded kid-friendly shapes"
3,item:k_ch14,집 아이템,공유 룸 · kid 세트(3권 장 끝 보상),160x160 SVG,playground,이모지(임시) ⛄,"small snowman plush toy, everyday object, single object centered; flat pastel vector illustration, uniform warm-brown #6b5443 outline, no gradients, no text, no characters, rounded kid-friendly shapes"
3,item:k_ch15,집 아이템,공유 룸 · kid 세트(3권 장 끝 보상),160x160 SVG,playground,이모지(임시) 🏺,"kimchi earthenware jar, everyday object, single object centered; flat pastel vector illustration, uniform warm-brown #6b5443 outline, no gradients, no text, no characters, rounded kid-friendly shapes"
3,item:o_bricks,집 아이템,"공유 룸 · outer 세트(⑦ 도형 블록 보상, 집 바깥)",160x160 SVG,block,이모지(임시) 🧱,"벽돌 더미, a neat stack of red clay bricks, everyday object, single object centered; flat pastel vector illustration, uniform warm-brown #6b5443 outline, no gradients, no text, no characters, rounded kid-friendly shapes"
3,item:o_roof,집 아이템,"공유 룸 · outer 세트(⑦ 도형 블록 보상, 집 바깥)",160x160 SVG,block,이모지(임시) 🏠,"빨간 지붕, a red tiled house roof piece, everyday object, single object centered; flat pastel vector illustration, uniform warm-brown #6b5443 outline, no gradients, no text, no characters, rounded kid-friendly shapes"
3,item:o_chimney,집 아이템,"공유 룸 · outer 세트(⑦ 도형 블록 보상, 집 바깥)",160x160 SVG,block,이모지(임시) 🏭,"굴뚝, a small brick chimney with a puff of smoke, everyday object, single object centered; flat pastel vector illustration, uniform warm-brown #6b5443 outline, no gradients, no text, no characters, rounded kid-friendly shapes"
3,item:o_fence,집 아이템,"공유 룸 · outer 세트(⑦ 도형 블록 보상, 집 바깥)",160x160 SVG,block,이모지(임시) 🚧,"담장, a short wooden picket fence section, everyday object, single object centered; flat pastel vector illustration, uniform warm-brown #6b5443 outline, no gradients, no text, no characters, rounded kid-friendly shapes"
3,item:o_gate,집 아이템,"공유 룸 · outer 세트(⑦ 도형 블록 보상, 집 바깥)",160x160 SVG,block,이모지(임시) 🚪,"대문, a small garden gate, everyday object, single object centered; flat pastel vector illustration, uniform warm-brown #6b5443 outline, no gradients, no text, no characters, rounded kid-friendly shapes"
3,item:o_mailbox,집 아이템,"공유 룸 · outer 세트(⑦ 도형 블록 보상, 집 바깥)",160x160 SVG,block,이모지(임시) 📮,"우체통, a cute red mailbox, everyday object, single object centered; flat pastel vector illustration, uniform warm-brown #6b5443 outline, no gradients, no text, no characters, rounded kid-friendly shapes"
3,item:o_doghouse,집 아이템,"공유 룸 · outer 세트(⑦ 도형 블록 보상, 집 바깥)",160x160 SVG,block,이모지(임시) 🐕,"강아지 집, a small dog house, everyday object, single object centered; flat pastel vector illustration, uniform warm-brown #6b5443 outline, no gradients, no text, no characters, rounded kid-friendly shapes"
3,item:o_lantern,집 아이템,"공유 룸 · outer 세트(⑦ 도형 블록 보상, 집 바깥)",160x160 SVG,block,이모지(임시) 🏮,"등불, a paper lantern hanging on a hook, everyday object, single object centered; flat pastel vector illustration, uniform warm-brown #6b5443 outline, no gradients, no text, no characters, rounded kid-friendly shapes"
3,item:o_flowerpot,집 아이템,"공유 룸 · outer 세트(⑦ 도형 블록 보상, 집 바깥)",160x160 SVG,block,이모지(임시) 🪴,"창가 화분, a small flower pot on a window sill, everyday object, single object centered; flat pastel vector illustration, uniform warm-brown #6b5443 outline, no gradients, no text, no characters, rounded kid-friendly shapes"
3,item:o_window,집 아이템,"공유 룸 · outer 세트(⑦ 도형 블록 보상, 집 바깥)",160x160 SVG,block,이모지(임시) 🪟,"네모 창문, a square window with a flower box, everyday object, single object centered; flat pastel vector illustration, uniform warm-brown #6b5443 outline, no gradients, no text, no characters, rounded kid-friendly shapes"
3,item:o_flag,집 아이템,"공유 룸 · outer 세트(⑦ 도형 블록 보상, 집 바깥)",160x160 SVG,block,이모지(임시) 🚩,"깃대, a small pennant flag on a pole, everyday object, single object centered; flat pastel vector illustration, uniform warm-brown #6b5443 outline, no gradients, no text, no characters, rounded kid-friendly shapes"
3,item:o_sign,집 아이템,"공유 룸 · outer 세트(⑦ 도형 블록 보상, 집 바깥)",160x160 SVG,block,이모지(임시) 🪧,"가게 간판, a wooden shop sign, everyday object, single object centered; flat pastel vector illustration, uniform warm-brown #6b5443 outline, no gradients, no text, no characters, rounded kid-friendly shapes"
3,item:o_bench,집 아이템,"공유 룸 · outer 세트(⑦ 도형 블록 보상, 집 바깥)",160x160 SVG,block,이모지(임시) 🪑,"평상, a low wooden platform bench, everyday object, single object centered; flat pastel vector illustration, uniform warm-brown #6b5443 outline, no gradients, no text, no characters, rounded kid-friendly shapes"
3,item:o_jar,집 아이템,"공유 룸 · outer 세트(⑦ 도형 블록 보상, 집 바깥)",160x160 SVG,block,이모지(임시) 🏺,"장독대, a row of earthen kimchi jars, everyday object, single object centered; flat pastel vector illustration, uniform warm-brown #6b5443 outline, no gradients, no text, no characters, rounded kid-friendly shapes"
3,item:o_hay,집 아이템,"공유 룸 · outer 세트(⑦ 도형 블록 보상, 집 바깥)",160x160 SVG,block,이모지(임시) 🌾,"볏단, a bundle of rice straw, everyday object, single object centered; flat pastel vector illustration, uniform warm-brown #6b5443 outline, no gradients, no text, no characters, rounded kid-friendly shapes"
3,item:o_well,집 아이템,"공유 룸 · outer 세트(⑦ 도형 블록 보상, 집 바깥)",160x160 SVG,block,이모지(임시) ⛲,"우물, a stone well with a bucket, everyday object, single object centered; flat pastel vector illustration, uniform warm-brown #6b5443 outline, no gradients, no text, no characters, rounded kid-friendly shapes"
3,item:o_cart,집 아이템,"공유 룸 · outer 세트(⑦ 도형 블록 보상, 집 바깥)",160x160 SVG,block,이모지(임시) 🛒,"손수레, a small wooden hand cart, everyday object, single object centered; flat pastel vector illustration, uniform warm-brown #6b5443 outline, no gradients, no text, no characters, rounded kid-friendly shapes"
3,item:o_lamp,집 아이템,"공유 룸 · outer 세트(⑦ 도형 블록 보상, 집 바깥)",160x160 SVG,block,이모지(임시) 💡,"가로등, a little street lamp, everyday object, single object centered; flat pastel vector illustration, uniform warm-brown #6b5443 outline, no gradients, no text, no characters, rounded kid-friendly shapes"
3,item:o_pond,집 아이템,"공유 룸 · outer 세트(⑦ 도형 블록 보상, 집 바깥)",160x160 SVG,block,이모지(임시) 🪷,"작은 연못, a small pond with a lotus, everyday object, single object centered; flat pastel vector illustration, uniform warm-brown #6b5443 outline, no gradients, no text, no characters, rounded kid-friendly shapes"
3,item:o_swing,집 아이템,"공유 룸 · outer 세트(⑦ 도형 블록 보상, 집 바깥)",160x160 SVG,block,이모지(임시) 🎠,"그네, a wooden swing, everyday object, single object centered; flat pastel vector illustration, uniform warm-brown #6b5443 outline, no gradients, no text, no characters, rounded kid-friendly shapes"
3,item:a_frame,집 아이템,공유 룸 · photo 세트(⑥ 다른 그림 찾기 보상),160x160 SVG,spot,이모지(임시) 🖼️,"벽 액자, a wooden wall picture frame, everyday object, single object centered; flat pastel vector illustration, uniform warm-brown #6b5443 outline, no gradients, no text, no characters, rounded kid-friendly shapes"
3,item:a_photo,집 아이템,공유 룸 · photo 세트(⑥ 다른 그림 찾기 보상),160x160 SVG,spot,이모지(임시) 🏞️,"가족 사진, a framed landscape photo, everyday object, single object centered; flat pastel vector illustration, uniform warm-brown #6b5443 outline, no gradients, no text, no characters, rounded kid-friendly shapes"
3,item:a_album,집 아이템,공유 룸 · photo 세트(⑥ 다른 그림 찾기 보상),160x160 SVG,spot,이모지(임시) 📖,"앨범, a photo album book, everyday object, single object centered; flat pastel vector illustration, uniform warm-brown #6b5443 outline, no gradients, no text, no characters, rounded kid-friendly shapes"
3,item:a_cork,집 아이템,공유 룸 · photo 세트(⑥ 다른 그림 찾기 보상),160x160 SVG,spot,이모지(임시) 📌,"코르크 사진판, a cork board with pinned photos, everyday object, single object centered; flat pastel vector illustration, uniform warm-brown #6b5443 outline, no gradients, no text, no characters, rounded kid-friendly shapes"
3,item:a_camera,집 아이템,공유 룸 · photo 세트(⑥ 다른 그림 찾기 보상),160x160 SVG,spot,이모지(임시) 📷,"필름 카메라, a vintage film camera, everyday object, single object centered; flat pastel vector illustration, uniform warm-brown #6b5443 outline, no gradients, no text, no characters, rounded kid-friendly shapes"
3,item:a_film,집 아이템,공유 룸 · photo 세트(⑥ 다른 그림 찾기 보상),160x160 SVG,spot,이모지(임시) 🎞️,"필름 줄, a hanging film strip, everyday object, single object centered; flat pastel vector illustration, uniform warm-brown #6b5443 outline, no gradients, no text, no characters, rounded kid-friendly shapes"
3,item:a_polaroid,집 아이템,공유 룸 · photo 세트(⑥ 다른 그림 찾기 보상),160x160 SVG,spot,이모지(임시) 📸,"즉석 사진, an instant photo, everyday object, single object centered; flat pastel vector illustration, uniform warm-brown #6b5443 outline, no gradients, no text, no characters, rounded kid-friendly shapes"
3,item:a_shelf,집 아이템,공유 룸 · photo 세트(⑥ 다른 그림 찾기 보상),160x160 SVG,spot,이모지(임시) 🗂️,"앨범장, a small album cabinet, everyday object, single object centered; flat pastel vector illustration, uniform warm-brown #6b5443 outline, no gradients, no text, no characters, rounded kid-friendly shapes"
3,item:a_postcard,집 아이템,"공유 룸 · photo 세트(⑥ 다른 그림 찾기 보상, 120판)",160x160 SVG,spot,이모지(임시) ✉️,"엽서, a postcard, everyday object, single object centered; flat pastel vector illustration, uniform warm-brown #6b5443 outline, no gradients, no text, no characters, rounded kid-friendly shapes"
3,item:a_map,집 아이템,"공유 룸 · photo 세트(⑥ 다른 그림 찾기 보상, 120판)",160x160 SVG,spot,이모지(임시) 🗺️,"옛 지도, an old folded map, everyday object, single object centered; flat pastel vector illustration, uniform warm-brown #6b5443 outline, no gradients, no text, no characters, rounded kid-friendly shapes"
3,item:a_trophy,집 아이템,"공유 룸 · photo 세트(⑥ 다른 그림 찾기 보상, 120판)",160x160 SVG,spot,이모지(임시) 🏆,"상장 트로피, a small gold trophy, everyday object, single object centered; flat pastel vector illustration, uniform warm-brown #6b5443 outline, no gradients, no text, no characters, rounded kid-friendly shapes"
3,item:a_medal,집 아이템,"공유 룸 · photo 세트(⑥ 다른 그림 찾기 보상, 120판)",160x160 SVG,spot,이모지(임시) 🏅,"메달, a gold medal on a ribbon, everyday object, single object centered; flat pastel vector illustration, uniform warm-brown #6b5443 outline, no gradients, no text, no characters, rounded kid-friendly shapes"
3,item:a_ribbon,집 아이템,"공유 룸 · photo 세트(⑥ 다른 그림 찾기 보상, 120판)",160x160 SVG,spot,이모지(임시) 🎀,"리본 장식, a pink ribbon decoration, everyday object, single object centered; flat pastel vector illustration, uniform warm-brown #6b5443 outline, no gradients, no text, no characters, rounded kid-friendly shapes"
3,item:a_calendar,집 아이템,"공유 룸 · photo 세트(⑥ 다른 그림 찾기 보상, 120판)",160x160 SVG,spot,이모지(임시) 📅,"달력, a wall calendar, everyday object, single object centered; flat pastel vector illustration, uniform warm-brown #6b5443 outline, no gradients, no text, no characters, rounded kid-friendly shapes"
3,item:a_scrapbook,집 아이템,"공유 룸 · photo 세트(⑥ 다른 그림 찾기 보상, 120판)",160x160 SVG,spot,이모지(임시) 📒,"스크랩북, a scrapbook, everyday object, single object centered; flat pastel vector illustration, uniform warm-brown #6b5443 outline, no gradients, no text, no characters, rounded kid-friendly shapes"
3,item:a_magnifier,집 아이템,"공유 룸 · photo 세트(⑥ 다른 그림 찾기 보상, 120판)",160x160 SVG,spot,이모지(임시) 🔍,"돋보기, a magnifying glass, everyday object, single object centered; flat pastel vector illustration, uniform warm-brown #6b5443 outline, no gradients, no text, no characters, rounded kid-friendly shapes"
3,item:a_diary,집 아이템,"공유 룸 · photo 세트(⑥ 다른 그림 찾기 보상, 120판)",160x160 SVG,spot,이모지(임시) 📔,"일기장, a diary book, everyday object, single object centered; flat pastel vector illustration, uniform warm-brown #6b5443 outline, no gradients, no text, no characters, rounded kid-friendly shapes"
3,item:a_carp,집 아이템,"공유 룸 · photo 세트(⑥ 다른 그림 찾기 보상, 120판)",160x160 SVG,spot,이모지(임시) 🎏,"잉어 깃발, a carp streamer, everyday object, single object centered; flat pastel vector illustration, uniform warm-brown #6b5443 outline, no gradients, no text, no characters, rounded kid-friendly shapes"
3,item:a_wallclock,집 아이템,"공유 룸 · photo 세트(⑥ 다른 그림 찾기 보상, 120판)",160x160 SVG,spot,이모지(임시) 🕰️,"벽시계, a mantel wall clock, everyday object, single object centered; flat pastel vector illustration, uniform warm-brown #6b5443 outline, no gradients, no text, no characters, rounded kid-friendly shapes"
3,item:a_garland,집 아이템,"공유 룸 · photo 세트(⑥ 다른 그림 찾기 보상, 120판)",160x160 SVG,spot,이모지(임시) 🎉,"가랜드, a party garland, everyday object, single object centered; flat pastel vector illustration, uniform warm-brown #6b5443 outline, no gradients, no text, no characters, rounded kid-friendly shapes"
3,item:m_bench,집 아이템,공유 룸 · yardlife 세트(⑨ 세 가족 짝 맞추기 보상),160x160 SVG,tile,이모지(임시) 🛋️,"평상, a low wooden veranda bench, everyday object, single object centered; flat pastel vector illustration, uniform warm-brown #6b5443 outline, no gradients, no text, no characters, rounded kid-friendly shapes"
3,item:m_flowerrow,집 아이템,공유 룸 · yardlife 세트(⑨ 세 가족 짝 맞추기 보상),160x160 SVG,tile,이모지(임시) 🌻,"화분 줄, a row of flower pots, everyday object, single object centered; flat pastel vector illustration, uniform warm-brown #6b5443 outline, no gradients, no text, no characters, rounded kid-friendly shapes"
3,item:m_jar,집 아이템,공유 룸 · yardlife 세트(⑨ 세 가족 짝 맞추기 보상),160x160 SVG,tile,이모지(임시) 🫙,"큰 장독, a big earthen kimchi jar, everyday object, single object centered; flat pastel vector illustration, uniform warm-brown #6b5443 outline, no gradients, no text, no characters, rounded kid-friendly shapes"
3,item:m_laundry,집 아이템,공유 룸 · yardlife 세트(⑨ 세 가족 짝 맞추기 보상),160x160 SVG,tile,이모지(임시) 👕,"빨랫줄, a clothesline with hanging laundry, everyday object, single object centered; flat pastel vector illustration, uniform warm-brown #6b5443 outline, no gradients, no text, no characters, rounded kid-friendly shapes"
3,item:m_garden,집 아이템,공유 룸 · yardlife 세트(⑨ 세 가족 짝 맞추기 보상),160x160 SVG,tile,이모지(임시) 🥬,"텃밭, a small vegetable garden patch, everyday object, single object centered; flat pastel vector illustration, uniform warm-brown #6b5443 outline, no gradients, no text, no characters, rounded kid-friendly shapes"
3,item:m_coop,집 아이템,공유 룸 · yardlife 세트(⑨ 세 가족 짝 맞추기 보상),160x160 SVG,tile,이모지(임시) 🐔,"닭장, a small chicken coop, everyday object, single object centered; flat pastel vector illustration, uniform warm-brown #6b5443 outline, no gradients, no text, no characters, rounded kid-friendly shapes"
3,item:m_alley,집 아이템,공유 룸 · yardlife 세트(⑨ 세 가족 짝 맞추기 보상),160x160 SVG,tile,이모지(임시) 🏘️,"골목 담, a short alley stone wall, everyday object, single object centered; flat pastel vector illustration, uniform warm-brown #6b5443 outline, no gradients, no text, no characters, rounded kid-friendly shapes"
3,item:m_persimmon,집 아이템,공유 룸 · yardlife 세트(⑨ 세 가족 짝 맞추기 보상),160x160 SVG,tile,이모지(임시) 🌳,"감나무, a persimmon tree with orange fruits, everyday object, single object centered; flat pastel vector illustration, uniform warm-brown #6b5443 outline, no gradients, no text, no characters, rounded kid-friendly shapes"
3,item:m_pepper,집 아이템,공유 룸 · yardlife 세트(⑨ 세 가족 짝 맞추기 보상),160x160 SVG,tile,이모지(임시) 🌶️,"고추 말리기, red peppers drying on a straw mat, everyday object, single object centered; flat pastel vector illustration, uniform warm-brown #6b5443 outline, no gradients, no text, no characters, rounded kid-friendly shapes"
3,item:m_bucket,집 아이템,공유 룸 · yardlife 세트(⑨ 세 가족 짝 맞추기 보상),160x160 SVG,tile,이모지(임시) 🪣,"우물가 두레박, a well bucket, everyday object, single object centered; flat pastel vector illustration, uniform warm-brown #6b5443 outline, no gradients, no text, no characters, rounded kid-friendly shapes"
3,item:m_mat,집 아이템,공유 룸 · yardlife 세트(⑨ 세 가족 짝 맞추기 보상),160x160 SVG,tile,이모지(임시) 🧺,"멍석, a straw mat, everyday object, single object centered; flat pastel vector illustration, uniform warm-brown #6b5443 outline, no gradients, no text, no characters, rounded kid-friendly shapes"
3,item:m_rooster,집 아이템,공유 룸 · yardlife 세트(⑨ 세 가족 짝 맞추기 보상),160x160 SVG,tile,이모지(임시) 🐓,"수탉, a rooster, everyday object, single object centered; flat pastel vector illustration, uniform warm-brown #6b5443 outline, no gradients, no text, no characters, rounded kid-friendly shapes"
3,item:m_cat,집 아이템,공유 룸 · yardlife 세트(⑨ 세 가족 짝 맞추기 보상),160x160 SVG,tile,이모지(임시) 🐈,"마당 고양이, a yard cat, everyday object, single object centered; flat pastel vector illustration, uniform warm-brown #6b5443 outline, no gradients, no text, no characters, rounded kid-friendly shapes"
3,item:m_bike,집 아이템,공유 룸 · yardlife 세트(⑨ 세 가족 짝 맞추기 보상),160x160 SVG,tile,이모지(임시) 🚲,"자전거, an old bicycle, everyday object, single object centered; flat pastel vector illustration, uniform warm-brown #6b5443 outline, no gradients, no text, no characters, rounded kid-friendly shapes"
3,item:m_chime,집 아이템,공유 룸 · yardlife 세트(⑨ 세 가족 짝 맞추기 보상),160x160 SVG,tile,이모지(임시) 🎐,"풍경, a wind chime, everyday object, single object centered; flat pastel vector illustration, uniform warm-brown #6b5443 outline, no gradients, no text, no characters, rounded kid-friendly shapes"
3,item:m_radish,집 아이템,공유 룸 · yardlife 세트(⑨ 세 가족 짝 맞추기 보상),160x160 SVG,tile,이모지(임시) 🥕,"무 말리기, radishes drying, everyday object, single object centered; flat pastel vector illustration, uniform warm-brown #6b5443 outline, no gradients, no text, no characters, rounded kid-friendly shapes"
3,item:m_pumpkin,집 아이템,공유 룸 · yardlife 세트(⑨ 세 가족 짝 맞추기 보상),160x160 SVG,tile,이모지(임시) 🎃,"호박, a pumpkin, everyday object, single object centered; flat pastel vector illustration, uniform warm-brown #6b5443 outline, no gradients, no text, no characters, rounded kid-friendly shapes"
3,item:m_duck,집 아이템,공유 룸 · yardlife 세트(⑨ 세 가족 짝 맞추기 보상),160x160 SVG,tile,이모지(임시) 🦆,"오리, a duck, everyday object, single object centered; flat pastel vector illustration, uniform warm-brown #6b5443 outline, no gradients, no text, no characters, rounded kid-friendly shapes"
3,item:m_butterfly,집 아이템,공유 룸 · yardlife 세트(⑨ 세 가족 짝 맞추기 보상),160x160 SVG,tile,이모지(임시) 🦋,"나비, a butterfly, everyday object, single object centered; flat pastel vector illustration, uniform warm-brown #6b5443 outline, no gradients, no text, no characters, rounded kid-friendly shapes"
3,item:m_sunflower,집 아이템,공유 룸 · yardlife 세트(⑨ 세 가족 짝 맞추기 보상),160x160 SVG,tile,이모지(임시) 🌻,"해바라기, a sunflower, everyday object, single object centered; flat pastel vector illustration, uniform warm-brown #6b5443 outline, no gradients, no text, no characters, rounded kid-friendly shapes"
3,item:u_fridge,집 아이템,"공유 룸 · storage 세트(⑧ 정리의 달인 보상, 네모네 거실)",160x160 SVG,sort,이모지(임시) 🧊,"냉장고, a household storage item, everyday object, single object centered; flat pastel vector illustration, uniform warm-brown #6b5443 outline, no gradients, no text, no characters, rounded shapes, readable at 44px"
3,item:u_eggtray,집 아이템,"공유 룸 · storage 세트(⑧ 정리의 달인 보상, 네모네 거실)",160x160 SVG,sort,이모지(임시) 🥚,"계란판, a household storage item, everyday object, single object centered; flat pastel vector illustration, uniform warm-brown #6b5443 outline, no gradients, no text, no characters, rounded shapes, readable at 44px"
3,item:u_sidedish,집 아이템,"공유 룸 · storage 세트(⑧ 정리의 달인 보상, 네모네 거실)",160x160 SVG,sort,이모지(임시) 🍱,"반찬통 선반, a household storage item, everyday object, single object centered; flat pastel vector illustration, uniform warm-brown #6b5443 outline, no gradients, no text, no characters, rounded shapes, readable at 44px"
3,item:u_closet,집 아이템,"공유 룸 · storage 세트(⑧ 정리의 달인 보상, 네모네 거실)",160x160 SVG,sort,이모지(임시) 🚪,"옷장, a household storage item, everyday object, single object centered; flat pastel vector illustration, uniform warm-brown #6b5443 outline, no gradients, no text, no characters, rounded shapes, readable at 44px"
3,item:u_shoerack,집 아이템,"공유 룸 · storage 세트(⑧ 정리의 달인 보상, 네모네 거실)",160x160 SVG,sort,이모지(임시) 👟,"신발장, a household storage item, everyday object, single object centered; flat pastel vector illustration, uniform warm-brown #6b5443 outline, no gradients, no text, no characters, rounded shapes, readable at 44px"
3,item:u_box,집 아이템,"공유 룸 · storage 세트(⑧ 정리의 달인 보상, 네모네 거실)",160x160 SVG,sort,이모지(임시) 📦,"수납함, a household storage item, everyday object, single object centered; flat pastel vector illustration, uniform warm-brown #6b5443 outline, no gradients, no text, no characters, rounded shapes, readable at 44px"
3,item:u_shelf,집 아이템,"공유 룸 · storage 세트(⑧ 정리의 달인 보상, 네모네 거실)",160x160 SVG,sort,이모지(임시) 🪜,"벽 선반, a household storage item, everyday object, single object centered; flat pastel vector illustration, uniform warm-brown #6b5443 outline, no gradients, no text, no characters, rounded shapes, readable at 44px"
3,item:u_drawer,집 아이템,"공유 룸 · storage 세트(⑧ 정리의 달인 보상, 네모네 거실)",160x160 SVG,sort,이모지(임시) 🗄️,"서랍장, a household storage item, everyday object, single object centered; flat pastel vector illustration, uniform warm-brown #6b5443 outline, no gradients, no text, no characters, rounded shapes, readable at 44px"
3,item:u_hanger,집 아이템,"공유 룸 · storage 세트(⑧ 정리의 달인 보상, 네모네 거실)",160x160 SVG,sort,이모지(임시) 🧥,"옷걸이, a household storage item, everyday object, single object centered; flat pastel vector illustration, uniform warm-brown #6b5443 outline, no gradients, no text, no characters, rounded shapes, readable at 44px"
3,item:u_basket,집 아이템,"공유 룸 · storage 세트(⑧ 정리의 달인 보상, 네모네 거실)",160x160 SVG,sort,이모지(임시) 🧺,"빨래 바구니, a household storage item, everyday object, single object centered; flat pastel vector illustration, uniform warm-brown #6b5443 outline, no gradients, no text, no characters, rounded shapes, readable at 44px"
3,item:u_crate,집 아이템,"공유 룸 · storage 세트(⑧ 정리의 달인 보상, 네모네 거실)",160x160 SVG,sort,이모지(임시) 🍎,"과일 상자, a household storage item, everyday object, single object centered; flat pastel vector illustration, uniform warm-brown #6b5443 outline, no gradients, no text, no characters, rounded shapes, readable at 44px"
3,item:u_label,집 아이템,"공유 룸 · storage 세트(⑧ 정리의 달인 보상, 네모네 거실)",160x160 SVG,sort,이모지(임시) 🏷️,"정리 라벨, a household storage item, everyday object, single object centered; flat pastel vector illustration, uniform warm-brown #6b5443 outline, no gradients, no text, no characters, rounded shapes, readable at 44px"
3,item:u_coffee,집 아이템,"공유 룸 · storage 세트(⑧ 정리의 달인 보상, 네모네 거실)",160x160 SVG,sort,이모지(임시) ☕,"믹스커피 통, a household storage item, everyday object, single object centered; flat pastel vector illustration, uniform warm-brown #6b5443 outline, no gradients, no text, no characters, rounded shapes, readable at 44px"
3,item:u_bagrack,집 아이템,"공유 룸 · storage 세트(⑧ 정리의 달인 보상, 네모네 거실)",160x160 SVG,sort,이모지(임시) 🎒,"가방 걸이, a household storage item, everyday object, single object centered; flat pastel vector illustration, uniform warm-brown #6b5443 outline, no gradients, no text, no characters, rounded shapes, readable at 44px"
3,item:u_umbrella,집 아이템,"공유 룸 · storage 세트(⑧ 정리의 달인 보상, 네모네 거실)",160x160 SVG,sort,이모지(임시) ☂️,"우산꽂이, a household storage item, everyday object, single object centered; flat pastel vector illustration, uniform warm-brown #6b5443 outline, no gradients, no text, no characters, rounded shapes, readable at 44px"
3,item:u_socks,집 아이템,"공유 룸 · storage 세트(⑧ 정리의 달인 보상, 네모네 거실)",160x160 SVG,sort,이모지(임시) 🧦,"양말 서랍, a household storage item, everyday object, single object centered; flat pastel vector illustration, uniform warm-brown #6b5443 outline, no gradients, no text, no characters, rounded shapes, readable at 44px"
3,item:u_toybox,집 아이템,"공유 룸 · storage 세트(⑧ 정리의 달인 보상, 네모네 거실)",160x160 SVG,sort,이모지(임시) 🧸,"장난감 통, a household storage item, everyday object, single object centered; flat pastel vector illustration, uniform warm-brown #6b5443 outline, no gradients, no text, no characters, rounded shapes, readable at 44px"
3,item:u_pill,집 아이템,"공유 룸 · storage 세트(⑧ 정리의 달인 보상, 네모네 거실)",160x160 SVG,sort,이모지(임시) 💊,"약 서랍, a household storage item, everyday object, single object centered; flat pastel vector illustration, uniform warm-brown #6b5443 outline, no gradients, no text, no characters, rounded shapes, readable at 44px"
3,item:u_cart,집 아이템,"공유 룸 · storage 세트(⑧ 정리의 달인 보상, 네모네 거실)",160x160 SVG,sort,이모지(임시) 🛒,"정리 수레, a household storage item, everyday object, single object centered; flat pastel vector illustration, uniform warm-brown #6b5443 outline, no gradients, no text, no characters, rounded shapes, readable at 44px"
3,item:u_env,집 아이템,"공유 룸 · storage 세트(⑧ 정리의 달인 보상, 네모네 거실)",160x160 SVG,sort,이모지(임시) ✉️,"봉투 보관함, a household storage item, everyday object, single object centered; flat pastel vector illustration, uniform warm-brown #6b5443 outline, no gradients, no text, no characters, rounded shapes, readable at 44px"
3,item:y_cup,집 아이템,"공유 룸 · daybath 세트(⑩ 막둥이의 하루 보상, 아이 방)",160x160 SVG,day,이모지(임시) 🪥,"칫솔 컵, a child's bathroom or bedroom item, everyday object, single object centered; flat pastel vector illustration, uniform warm-brown #6b5443 outline, no gradients, no text, no characters, rounded shapes, readable at 56px"
3,item:y_paste,집 아이템,"공유 룸 · daybath 세트(⑩ 막둥이의 하루 보상, 아이 방)",160x160 SVG,day,이모지(임시) 🧴,"치약, a child's bathroom or bedroom item, everyday object, single object centered; flat pastel vector illustration, uniform warm-brown #6b5443 outline, no gradients, no text, no characters, rounded shapes, readable at 56px"
3,item:y_hanger,집 아이템,"공유 룸 · daybath 세트(⑩ 막둥이의 하루 보상, 아이 방)",160x160 SVG,day,이모지(임시) 🧥,"옷걸이, a child's bathroom or bedroom item, everyday object, single object centered; flat pastel vector illustration, uniform warm-brown #6b5443 outline, no gradients, no text, no characters, rounded shapes, readable at 56px"
3,item:y_hat,집 아이템,"공유 룸 · daybath 세트(⑩ 막둥이의 하루 보상, 아이 방)",160x160 SVG,day,이모지(임시) 🧢,"모자걸이, a child's bathroom or bedroom item, everyday object, single object centered; flat pastel vector illustration, uniform warm-brown #6b5443 outline, no gradients, no text, no characters, rounded shapes, readable at 56px"
3,item:y_bowl,집 아이템,"공유 룸 · daybath 세트(⑩ 막둥이의 하루 보상, 아이 방)",160x160 SVG,day,이모지(임시) 🍚,"밥그릇, a child's bathroom or bedroom item, everyday object, single object centered; flat pastel vector illustration, uniform warm-brown #6b5443 outline, no gradients, no text, no characters, rounded shapes, readable at 56px"
3,item:y_spoon,집 아이템,"공유 룸 · daybath 세트(⑩ 막둥이의 하루 보상, 아이 방)",160x160 SVG,day,이모지(임시) 🥄,"수저 통, a child's bathroom or bedroom item, everyday object, single object centered; flat pastel vector illustration, uniform warm-brown #6b5443 outline, no gradients, no text, no characters, rounded shapes, readable at 56px"
3,item:y_toybox,집 아이템,"공유 룸 · daybath 세트(⑩ 막둥이의 하루 보상, 아이 방)",160x160 SVG,day,이모지(임시) 🧸,"장난감 상자, a child's bathroom or bedroom item, everyday object, single object centered; flat pastel vector illustration, uniform warm-brown #6b5443 outline, no gradients, no text, no characters, rounded shapes, readable at 56px"
3,item:y_ball,집 아이템,"공유 룸 · daybath 세트(⑩ 막둥이의 하루 보상, 아이 방)",160x160 SVG,day,이모지(임시) ⚽,"공 바구니, a child's bathroom or bedroom item, everyday object, single object centered; flat pastel vector illustration, uniform warm-brown #6b5443 outline, no gradients, no text, no characters, rounded shapes, readable at 56px"
3,item:y_moon,집 아이템,"공유 룸 · daybath 세트(⑩ 막둥이의 하루 보상, 아이 방)",160x160 SVG,day,이모지(임시) 🌙,"달 전등, a child's bathroom or bedroom item, everyday object, single object centered; flat pastel vector illustration, uniform warm-brown #6b5443 outline, no gradients, no text, no characters, rounded shapes, readable at 56px"
3,item:y_pillow,집 아이템,"공유 룸 · daybath 세트(⑩ 막둥이의 하루 보상, 아이 방)",160x160 SVG,day,이모지(임시) 🛏️,"베개, a child's bathroom or bedroom item, everyday object, single object centered; flat pastel vector illustration, uniform warm-brown #6b5443 outline, no gradients, no text, no characters, rounded shapes, readable at 56px"
3,item:y_towel,집 아이템,"공유 룸 · daybath 세트(⑩ 막둥이의 하루 보상, 아이 방)",160x160 SVG,day,이모지(임시) 🧻,"수건, a child's bathroom or bedroom item, everyday object, single object centered; flat pastel vector illustration, uniform warm-brown #6b5443 outline, no gradients, no text, no characters, rounded shapes, readable at 56px"
3,item:y_mat,집 아이템,"공유 룸 · daybath 세트(⑩ 막둥이의 하루 보상, 아이 방)",160x160 SVG,day,이모지(임시) 🟦,"욕실 발판, a child's bathroom or bedroom item, everyday object, single object centered; flat pastel vector illustration, uniform warm-brown #6b5443 outline, no gradients, no text, no characters, rounded shapes, readable at 56px"
3,item:y_duck,집 아이템,"공유 룸 · daybath 세트(⑩ 막둥이의 하루 보상, 아이 방)",160x160 SVG,day,이모지(임시) 🦆,"목욕 오리, a child's bathroom or bedroom item, everyday object, single object centered; flat pastel vector illustration, uniform warm-brown #6b5443 outline, no gradients, no text, no characters, rounded shapes, readable at 56px"
3,item:y_soap,집 아이템,"공유 룸 · daybath 세트(⑩ 막둥이의 하루 보상, 아이 방)",160x160 SVG,day,이모지(임시) 🧼,"비누, a child's bathroom or bedroom item, everyday object, single object centered; flat pastel vector illustration, uniform warm-brown #6b5443 outline, no gradients, no text, no characters, rounded shapes, readable at 56px"
3,item:y_boots,집 아이템,"공유 룸 · daybath 세트(⑩ 막둥이의 하루 보상, 아이 방)",160x160 SVG,day,이모지(임시) 🥾,"장화, a child's bathroom or bedroom item, everyday object, single object centered; flat pastel vector illustration, uniform warm-brown #6b5443 outline, no gradients, no text, no characters, rounded shapes, readable at 56px"
3,item:y_book,집 아이템,"공유 룸 · daybath 세트(⑩ 막둥이의 하루 보상, 아이 방)",160x160 SVG,day,이모지(임시) 📖,"잠자리 책, a child's bathroom or bedroom item, everyday object, single object centered; flat pastel vector illustration, uniform warm-brown #6b5443 outline, no gradients, no text, no characters, rounded shapes, readable at 56px"
3,item:y_quilt,집 아이템,"공유 룸 · daybath 세트(⑩ 막둥이의 하루 보상, 아이 방)",160x160 SVG,day,이모지(임시) 🛌,"이불, a child's bathroom or bedroom item, everyday object, single object centered; flat pastel vector illustration, uniform warm-brown #6b5443 outline, no gradients, no text, no characters, rounded shapes, readable at 56px"
3,item:y_clock,집 아이템,"공유 룸 · daybath 세트(⑩ 막둥이의 하루 보상, 아이 방)",160x160 SVG,day,이모지(임시) ⏰,"아침 시계, a child's bathroom or bedroom item, everyday object, single object centered; flat pastel vector illustration, uniform warm-brown #6b5443 outline, no gradients, no text, no characters, rounded shapes, readable at 56px"
3,item:y_cup2,집 아이템,"공유 룸 · daybath 세트(⑩ 막둥이의 하루 보상, 아이 방)",160x160 SVG,day,이모지(임시) 🥛,"물컵, a child's bathroom or bedroom item, everyday object, single object centered; flat pastel vector illustration, uniform warm-brown #6b5443 outline, no gradients, no text, no characters, rounded shapes, readable at 56px"
3,item:y_star,집 아이템,"공유 룸 · daybath 세트(⑩ 막둥이의 하루 보상, 아이 방)",160x160 SVG,day,이모지(임시) ⭐,"별 스티커, a child's bathroom or bedroom item, everyday object, single object centered; flat pastel vector illustration, uniform warm-brown #6b5443 outline, no gradients, no text, no characters, rounded shapes, readable at 56px"
